ASSOCIATED_DEAL_IDS,NAME,PROP
16530006669,BI,1
15794172776,CCCS Content Specialist,0.08816279182
13828952758,BTS,1
16898291612,DATA,1
16767406710,MTCO Certified Consultant (e.g. Marketo),0.09451575263
13829006244,BTS,1
16371465474,Montevideo Labs,0.8333333333
15691486756,DE,1
,DE,0.3050302065
14863403267,BI,1
15518412096,CXSU Subscription / License CX,0.308310992
15495080513,DS,0.994578408
17002224710,DE,1
11765406025,SACO Consultant,0.5643564356
17001841791,DE,1
15273662858,DEE,0.25
14858158515,BTS,1
13828757621,BTS,1
16975702538,DS,0.4230769231
14941320075,DS,1
16476564004,DE,0.5
14300816419,DE,0.5
13828728630,BTS,1
14230130017,CX,0.5
14916644417,DEE,0.07211300007
13828724874,BTS,1
14811023743,DS,0.248
16611419966,DS,0.75
17451999771,DS,1
13828676244,BTS,1
16003128479,SAPC Principal Consultant,0.4130434783
16823684397,Client Management,0.05036816016
16767474052,MTCO Certified Consultant (e.g. Marketo),0.3467060975
16072728969,SAPM Project Manager,0.1664098613
15234154527,CCST Strategist,1
15538777230,SACO Consultant,0.7021276596
15316417322,Direct Placement,1
17139522353,DE,1
17216514973,DE,0.01325106892
13828967594,BTS,1
16998642806,BTS,1
14377241643,DE,0.6545454545
17239918001,DS,0.3333333333
13828693612,BTS,1
13828664851,BTS,1
14229444015,CX,0.496
17239918001,Solutions,0.1666666667
16534046626,DE,1
13828991544,BTS,1
15797833108,BTS,0.33334
16800737663,MTFD Marketing Service FD,0.7878787879
14813607995,BTS,1
16823762353,Client Management,0.0844229166
15058732438,Contract,1
16977891460,DE,1
14857762098,BTS,1
10639634996,Data Science,1
14230130031,DS,0.9285714286
10642652269,Data Engineering,0.5
12670594210,Consultant,0.2778549597
9013941048,Consultancy (data),0.1913875598
13965134170,MTCO Certified Consultant (e.g. Marketo),0
5294973235,Product Sales,1
9399216566,Data Engineering,0.6111111111
11286130361,Data Engineering,1
14229444104,ESC,0.1752238096
11756494598,MTCO Certified Consultant (e.g. Marketo),0.2842835131
11932867168,Consultancy (data),0.07142857143
8897859619,Principal Consultant,0.003052556298
14230013463,DS,1
14229419133,BI,1
11395722043,SACO Consultant,1
10996806555,MTSE Marketing Service Expert,0.1509433962
8897859619,Consultant,0.1297772506
14230104204,DEE,0.2870915018
14229516191,BI,1
10996678329,SAPM Project Manager,0.002970664686
9857654319,CXSU Subscription / License CX,1
14229333042,ESC,0.5484844794
12760938830,License Own,1
10639634997,Data Science,0.4418604651
,MTSE Marketing Service Expert,0.005019990859
10288269826,Consultancy – Marketing,0.1639344262
10578429754,Consultancy (data),0.1199040767
12136453513,Data Science,0.428575
14230025375,DEE,0.698731754
14858038085,BTS,1
15409184036,MTAR Architect,0.5514018692
16791386411,BTS,1
13828782900,BTS,1
14316260634,Contract,1
14230104211,DS,0.3333333333
14756129933,ESC,0.2310148233
13828719021,BTS,1
15767694637,BTS,1
15754439588,DE,0.8783783784
13828738622,BTS,1
16476563773,BTS,1
13829036449,BTS,1
16055097010,MTCO Certified Consultant (e.g. Marketo),1
14827843234,SAPM Project Manager,0.3186813187
16823218727,BI,1
16180530746,SAPM Project Manager,0.3815789474
13828967604,BTS,1
16054863944,BI,1
14833262001,DE,0.2403432279
15954185039,Client Management,0.09416855755
13828832788,BTS,1
17216664605,BI,0.2840251972
14230004582,DATA,0.04166666667
14230055452,DEE,0.93
17153216109,MTSE Marketing Service Expert,0.5659163987
15671693316,DATA,1
15024561830,DATA,1
16476564004,CX,0.5
16006569832,BI,0.045
,MTSE Marketing Service Expert,0.0099395819
15772947813,DE,0.07966745422
16105046438,BTS,1
13828693593,BTS,1
13829026984,BTS,1
17002433045,DE,1
13828960608,BTS,1
14857793629,BTS,1
16869813174,DE,0.4901960784
13828984639,BTS,1
14858019110,BTS,1
13829015982,BTS,1
15468685709,BTS,1
16791412590,BTS,1
13828766009,BTS,1
15223782038,BTS,1
14857762097,BTS,1
13828766015,BTS,1
14230165823,DEE,1
14229478432,DEE,0.3138842511
14857750418,BTS,1
16767406710,CCCO Consultant,0.05105017503
14230130027,CX,0.2949694311
16003721051,DEE,1
14863309909,BI,1
17452000369,Contract,1
13828731424,BTS,1
16611626142,BTS,1
14867282591,BI,0.3333333333
13828731408,BTS,1
12576600900,CXSU Subscription / License CX,1
15374685301,DEE,1
16767406710,SAPC Principal Consultant,0.05105017503
16271437949,CXSU Subscription / License CX,0.2608695652
15759086867,DS,0.25
13828709232,BTS,1
15070427288,DEE,0.5
15284030807,SACO Consultant,0.9509721048
16791256908,BTS,1
14782545258,BTS,1
15520800047,BI,0.2840251972
14857762096,BTS,0
15412187551,Contract,1
14728838263,DE,0.01325106892
13828719019,BTS,1
15958665906,DE,1
17116252299,DE,0.5
13828761251,BTS,1
16975702538,DE,0.5769230769
16581702209,DE,0.35
13828981138,BTS,1
15684081981,CX,1
15314268994,DS,0.1916
13828728636,BTS,1
13828676251,BTS,1
17214814095,DS,1
15865571503,DEE,1
15796811038,Contract to Hire,1
16135554307,DS,1
16791179117,BTS,1
17001802020,DE,1
14858019107,BTS,1
15690704797,Direct Placement,1
17157411462,BTS,1
15954185039,DE,0.7082164438
14785722035,Direct Placement,1
14229975680,DEE,0.4000005449
14712156507,Contract to Hire,1
13828999323,BTS,1
16057974366,Forthpoint,0.25
13828967603,BTS,1
15682431259,DATA,1
13828724873,BTS,1
12132441417,SAPC Principal Consultant,0.625250501
15772947813,Futureproof,0.4663421332
15517916068,MTCO Certified Consultant (e.g. Marketo),0.5136323659
14229394295,BI,0.11233271
16866229399,DS,0.5
17485557310,DE,1
16304680013,ESC,1
14229969426,DS,1
15517916068,SAPM Project Manager,0.2110817942
15520800047,DE,0.6215845637
17271324518,CX,0.2724550898
13828967607,BTS,1
14574396004,DE,1
13828693618,BTS,1
16975702705,DE,0.4054151886
14659408183,Contract to Hire,1
14229907640,DS,0.4136277778
14791922722,Contract,1
15794172776,DSSD Senior Data Scientist,0.1278457151
10994001329,Marketing Services,0.625748503
15331841841,DEE,0.8333333333
14230055451,BI,0.8627332019
16896090545,MTCO Certified Consultant (e.g. Marketo),0.2016129032
15582551047,Montevideo Labs,0.1736385162
13828984646,BTS,1
14544872752,DE,0.2857142857
15845495852,DEE,1
16854975500,DS,0.5
14795111977,DEE,0.7763807411
13828999329,BTS,1
14816511895,BTS,1
17001801289,DE,1
14230150781,DEE,0.4371287831
7443725976,SEO (Blend),0.1941747573
11720428623,Business Intelligence,1
14230097155,BI,1
14230025367,DE,0.3333333333
14230061888,DS,1
12354685805,Consultancy (data),0.2
14229937178,DEE,1
12364853900,SAPC Principal Consultant,0.5864661654
11221300229,Data Engineering,1
10839563607,Data Engineering,1
13710118983,MTSE Marketing Service Expert,1
14230036661,DEE,1
11420471583,Data Science,1
11270312287,Data Science,0.4464285714
14229324952,DEE,0.1397691423
14230013462,DEE,1
14229952648,DS,1
12561204239,Consultant,0.7142857143
,Project Manager,0.001807196709
14230091420,DEE,0.384
14229444097,BI,0.671641791
14229924989,BI,0.3225758884
14230165818,BI,1
7772707203,MTFD Marketing Service FD,0.08892276423
14229401620,DEE,0.5839739213
10578429754,Data Science,0.4684252598
11964756782,Data Engineering,0.5
12204959364,Consultancy (data),0.2
13458455991,MTCO Certified Consultant (e.g. Marketo),1
14340219226,SAPM Project Manager,0.1421568627
10640222881,Data Engineering,1
13084337186,MTCO Certified Consultant (e.g. Marketo),0.435483871
9395693075,Business Intelligence,1
9198904344,Martech Consultancy,0.8547008547
14229911900,DS,0.5297409326
8984718164,Martech Consultancy,1
8625358741,Marketing Services,0.5
10993770029,Marketing Services,1
12561338483,License,1
13240997561,SAPM Project Manager,0.15625
8898410819,Marketing Services,0.4117647059
10996432816,Marketing Services,1
14230130024,DS,0.6417359114
14229478418,DS,1
13506969347,CCDE Designer,0.4838709677
14230091420,ESC,0.616
14229478415,DS,0.5
14230061891,BI,1
14229924989,DS,0.6774241116
14229969433,DS,0.4313748303
14230080935,BI,1
8966192789,MTAR Architect,0.09976057462
11845449063,Consultancy – Marketing,1
14230104204,BI,0.137210498
13458564467,Zoom integration _MTCO Certified Consultant (e.g. Marketo),0.06091370558
10683042093,MTSE Marketing Service Expert,0.25
,Architect,0.005521989944
14229964396,DS,1
14230061887,BI,1
11644916651,License,1
10640355436,Data Engineering,0.6996847084
12761031697,License Own,1
10966881431,Project Management,0.1699867198
10683042093,SAPM Project Manager,0.25
11566250672,Data Engineering,0.5
11029184399,Martech Consultancy,1
11816399630,Consultancy (data),0.1304347826
12735574839,License Own,1
11440230710,Technical Consultant Allstar,0.08333333333
15845917831,Contract,0.1434631749
13673756967,CXSU Subscription / License CX,1
14229907634,DS,1
14229333028,DS,1
14230122858,DS,1
14268846467,BI,1
14230097154,DS,1
12790724268,"Certified Consultant (e.g., Marketo)",0.5
14230061885,ESC,0.4672416667
10640271162,Consultancy (data),0.3334724541
14230080939,DS,1
10693984921,Marketing Services,0.3636363636
8504915609,SACO Consultant,0.4431195617
10578429774,Consultancy (data),0.1199040767
11635067059,Consultancy (data),0.2
10993769731,Marketing Services,1
12561293155,License,1
10640355440,Consultancy (data),1
11731042640,Data Science,1
9399217022,Data Science,1
10578429774,Data Engineering,0.4116706635
11756494598,SAPM Project Manager,0.2003081664
10640375566,Data Engineering,1
14230137614,DS,0.4648669912
7926159770,Data Science,1
12204958791,Business Intelligence,0.4444444444
10640234343,Data Science,1
11765394199,SAPM Project Manager,0.06395348837
10640234347,Data Engineering,1
12186414390,Data Engineering,1
11190457442,Data Engineering,0.21875
11025587336,Data Science,1
10100440066,Data Engineering,0.6
14229419135,BI,1
14230122859,DEE,0.5032156278
14328400407,DEE,1
14230055459,DATA,0.1941370608
14230097156,DE,0.7561728395
14230122851,BI,1
14230165810,ESC,0.7245684906
14230070862,ESC,0.2123453009
10640324388,Data Engineering,0.7223719677
10996806555,SAPM Project Manager,0.1886792453
9341217847,Consultancy,1
,Martech Consultancy,6.274988573e-05
10170976098,Data Science,1
12204959364,Business Intelligence,0.8
10683041295,Marketing Services,0.2121212121
11224847520,Martech Consultancy,1
14229924997,DATA,0.008702942465
10926529960,Data Science,1
14408522937,DS,1
10952553349,Consultancy (data),1
12528534428,Data Science,1
7443725976,SEO (Blend),0.1747572816
12186985279,Data Engineering,0.375
14229333026,DEE,1
8674503938,Data Engineering,0.6388888889
11566237572,License,1
11265591810,License,0.4444444444
9549901925,Marketing Services,0.1784968685
13506969347,SAPM Project Manager,0.1209677419
9218893629,Marketing Services,0.6737967914
14230036664,DS,1
10288269826,Consultancy – Business,0.1147540984
12513057715,Consultancy (data),0.3333333333
14230025367,DS,0.3333333333
8300555907,Business Intelligence,1
14229964401,DS,1
14229985802,DS,0.01169360574
13505877851,SACM Campaign Coordinator,0.5845459107
14229911894,DS,1
11174625101,Junior consultancy,0.4082840237
9549901925,Martech Consultancy,0.09916492693
11849790341,Consultancy – Marketing,1
11964756356,Business Intelligence,0.3684210526
13968203372,SAPM Project Manager,0.1610738255
14229413241,DEE,1
11932610118,Data Engineering,0.3333333333
14230030132,DEE,1
,CCVI Video producer,6.776987659e-05
10640389175,Data Engineering,0.4897947177
11759445111,Consultancy (data),1
14230055467,DATA,1
14229952656,DEE,1
8897859619,Technical Consultant Allstar,0.1602749045
14267137289,DEE,0.2608695652
11566250672,Data Science,0.5
10561512286,Martech Consultancy,0.3043408618
14229952657,ESC,0.2924172046
14229975680,BI,0.5999994551
14229947935,DS,0.5
7740302656,MTSE Marketing Service Expert,0.3853564547
12364853900,SAPM Project Manager,0.117481203
10642652269,Data Science,0.5
8966192789,SAPM Project Manager,0.1077414206
10210065441,Data Engineering,0.4466608846
14005466013,SAPM Project Manager,0.125
14230075669,ESC,0.3333338816
11270882113,Data Science,0.623655914
11421117277,Consultancy – Marketing,0.8882235529
14229457678,DEE,1
9484157696,Martech Consultancy,1
14230130021,DS,1
14229964389,ESC,0.1653666955
14545547606,DEE,1
8674503938,Business Intelligence,0.05555555556
12790724268,Consultant,0.5
12776001041,MTAR Architect,0.0796812749
14229318253,ESC,1
13182615344,SAPM Project Manager,1
14230075669,DEE,0.3333322368
14229382962,DATA,1
8900218517,Martech Consultancy,1
,"Certified Consultant (e.g., Marketo)",0.008031985374
,Marketing Services,6.274988573e-05
12681545838,SACO Consultant,1
14230165810,BI,0.2754315094
14270913388,DEE,1
8898410819,Martech Consultancy,0.5882352941
12386434462,Data Engineering,0.3741542625
14230036665,BI,1
10995465645,SACO Consultant,0.5396113602
14230165817,BI,0.6435643564
8374436434,Martech Consultancy Dynamo Config,1
14230104202,BI,0.5
12136110160,Data Engineering,1
12787780421,SAPM Project Manager,0.1111111111
11647351959,Consultancy – Business,0.08795602199
7772707203,MTSE Marketing Service Expert,0.6631097561
11602563902,License,1
12387915288,Consultancy (data),0.25
14229969425,DS,0.8699967598
11270312287,Data Engineering,0.2857142857
8396756029,Data Engineering,1
12561291896,Campaign Services - Eloqua,0.5341246291
14230150780,DEE,1
14708396578,BTS,1
14916644417,DS,0.845047013
10996678329,SACO Consultant,0.6702562198
14230030113,BI,0
14229355403,ESC,0.5
13505877851,CCCO Consultant,0.04816859007
11407923294,Data Engineering,0.5
13458471195,MTSE Marketing Service Expert,0.2380952381
11964756356,Consultancy (data),0.2105263158
14229333042,DS,0.01500690361
11157691825,CXSU Subscription / License CX,1
14230157429,DS,1
9198904344,Marketing Services,0.1452991453
14857786112,BTS,1
20169318176,DE,1
,DS,0.02509995429
19757970847,DATA,1
19327455924,DS,1
20298599795,BI,0.802
19819551254,DE,0.4
15780707857,BTS,1
13828744592,BTS,1
14859043245,BTS,1
13828649026,BTS,1
17733953804,DE,1
18427933774,BI,0.2089176555
18741572210,Solutions,0.5
20710553946,Data Scientist ,1
20322510950,DS,1
14862083957,BTS,1
18382183780,CX,0.09224531171
13828972372,BTS,1
17790490883,BI,0.4166666667
17134970373,SAPC Principal Consultant,1
17812115055,BTS,1
18380517031,BTS,1
17520936872,CX,0.2857142857
16372015171,BTS,1
13829036450,BTS,1
17734560312,DE,1
18678424939,SAPM Project Manager,0.04761904762
20823230530,BTS,1
20629194786,Delivery Lead ,0.25
19907798051,Futureproof,0.6086956522
14611530574,CX,0.5519904237
21002167724,DE,0.389346849
20194098727,Client Management,1
19859927852,BTS,1
21062732874,BI,0.4
18247212720,DE,0.5
19414162472,DS,1
20052124508,DS Delivery,1
20174087312,DS,0.7153940384
20241772133,DE,0.6909090909
15992944796,DE,1
17752041894,BI,0.4166666667
13829015986,BTS,1
18401207360,BI,0.3846153846
20867246873,BTS,1
18901267286,BI,0.9347826087
20552596860,Delivery Lead ,1
19711736880,DATA,1
20301184771,BTS,0
19032487972,SAPC Principal Consultant,0.34
19215718986,DE,1
19677435458,BTS,1
20825154995,Delivery Lead ,1
20055405736,BTS,1
20839627090,DS,1
13828744586,BTS,1
13828731406,BTS,1
13828981161,BTS,1
18127904804,BI,0.2511627907
18128207765,BTS,1
18553995414,SACO Consultant,1
13828751424,BTS,1
13828952752,BTS,1
18983239000,BTS,1
17116822149,MTCO Certified Consultant (e.g. Marketo),0.009649568309
17811723191,BTS,1
17790261594,DE,1
18353947065,DS Delivery,0.2093784079
17811724072,BTS,1
13828748611,BTS,1
16056926752,DS,1
17734419364,DS Delivery,1
18916413333,DS Delivery,0.111
13828766016,BTS,1
16609265973,BTS,1
17581057915,DE,0.880977915
18265145869,DE,0.4893338737
13828960595,BTS,1
17754440057,DE,0.4966887417
18228884640,BI,1
18344138588,BI,1
18018244885,DE,1
13828984652,BTS,1
18168692541,CX,0.5
18606168496,DS,0.8
17101008128,DS,1
18900565548,CX,1
16896089099,MTAR Architect,0.1145721446
18398510224,BTS,1
18048682169,SAPC Principal Consultant,1
17752041894,DS Delivery,0.1666666667
19071330651,BTS,1
14858073234,BTS,1
14858013963,BTS,1
17397447689,BTS,1
14857999382,BTS,1
18016475684,BTS,1
19923947601,BTS,1
16180558493,MTCO Certified Consultant (e.g. Marketo),0.7145148356
19565680926,BTS,1
18229530398,DS,0.9312094393
16173717633,MTCO Certified Consultant (e.g. Marketo),0.1754122939
17521029203,DS,0.3333333333
16882270375,BTS,1
13828967599,BTS,1
18893820961,CX,1
15586856448,BTS,1
17790490883,DE,0.4166666667
17677233453,DS,0.8711124225
18595500102,SAPM Project Manager,0
19158518853,BTS,1
20243892333,BI,1
20657141555,Delivery Lead ,1
20193848671,DE,0.9
19992408961,BTS,1
19381804190,DE,1
19512335886,BTS,1
18129350747,DS Data Consulting ,0.111
20979813460,Client Management,0.198
20335820848,DE,1
19749010780,Senior Data Engineer ,0.685893775
20652954465,Lead Data Scientist,0.25
19730949805,CX,0.5
20189294662,BTS,1
19570188551,DATA,1
20858529668,BTS,1
19763687242,DATA,1
20462020103,BTS,1
20299186283,DS,1
19584717835,DE,1
20299043256,BI,1
20973728397,DS,0.5
19410228895,BTS,1
19562985622,DE,0.85
20221857695,DS,0.3333333333
19429189946,DE,1
18573727839,DS,1
17754464845,DE,0.5
20085770259,DE,1
20823258198,BTS,1
17620876859,BI,0.1402040816
18916415777,DS Data Consulting ,0.111
19442595385,DATA,0.625
20341682723,DE,0.5
19934646100,BI,1
20009989461,BI,0.115
20363917358,BTS,1
20979813460,BI,0.802
20957861943,DS Delivery,0.1666666667
19682283607,BI,0.5
19509219651,DS,0.5
21049273466,BTS,1
20780963921,BTS,1
19724759206,DE,1
19648124686,BTS,1
19929372826,BI,0.3333305439
20906891693,DE,1
21063334482,Lead Data Scientist,0.5294117647
19986706975,DE,0.3333333333
17734509129,DE,1
19755337082,DS,0.2272727273
20382875774,BTS,1
19041763885,DE,0.8461538462
17583628723,BI,0.2523364486
17754429523,BI,0.9247121346
19676430206,CX,0.5714285714
20822641510,DE,0.5
20357715092,BTS,0.712900097
19699846428,DE,0.5
19032487972,CCDE Designer,0.66
19541444958,CX,1
20174087312,CX,0.07554103716
20864992854,BTS,1
21004151853,BTS,1
19989811749,DE,0.3647098423
20681209471,DE,1
18657995555,BI,0.2692307692
19380524431,DE,1
17727222289,SAPM Project Manager,0.1059602649
20000916062,BI,1
19754730413,MTCO Certified Consultant (e.g. Marketo),1
18435752722,DE,0.1739130435
19371546524,BI,0.115
20818911588,DE,1
20921778195,DE,0.5
19326215018,DE,1
20629194786,Data Scientist ,0.25
20383235084,DS,0.5
19704562838,BI,1
20462018833,BTS,1
20001518519,BI,1
20169316684,DS,1
20139158822,BTS,1
15518412096,CXSU Subscription / License CX,0.1032171582
14229394307,DE,1
19819551254,DS Delivery,0.1777777778
20395349858,BTS,1
19572025691,DS,0.5455012325
20746896500,DE,1
20710884679,DE,0.5
20855846436,Lead Data Engineer,1
15540690797,SACO Consultant,1
20357715092,Client Management,0.287099903
19442595385,DS,0.375
20696421181,DE,1
19380522091,DS,0.25
19562630954,CXSU Subscription / License CX,1
13828984645,BTS,1
19437833034,BTS,1
17732447259,DE,0.9
19711264308,DATA,1
20534172166,DE,1
19990058785,BI,1
21063334482,Delivery Lead ,0.4705882353
20773420302,Delivery Lead ,0.5294117647
19222681411,DE,1
20825267006,Data Engineer ,0.1639771599
19512331832,DS,1
18657995555,DS,0.1442307692
20957861943,DATA,0.8333333333
14931891551,SAPM Project Manager,0.08098591549
16336551605,Client Management,0.04651162791
18895452304,DE,0.6260869565
18127904804,DE,0.1953488372
18093797720,BTS,1
17576469167,DS,0.8923782271
18036980760,BTS,1
18436158864,DE,0.6666666667
18248067249,CX,1
13828761238,BTS,1
17576467343,DE,0.2776291985
17734538281,DS Delivery,1
18407389498,DE,0.3333333333
14931891551,MTSE Marketing Service Expert,0.2957746479
14857954144,BTS,1
14816511155,BTS,1
16998075945,BTS,1
18309196058,DS,1
13828751411,BTS,1
18328550402,BI,1
18821385496,BTS,1
16173717633,SAPM Project Manager,0.2023988006
13828766028,BTS,1
17875116928,BTS,1
13828748618,BTS,1
15333199413,BTS,1
13828644501,BTS,1
16059429460,DE,0.75
13828967683,BTS,1
18051147938,SAPM Project Manager,0.06666666667
14858013962,BTS,1
17751996483,DS Delivery,0.1666666667
17583466036,BTS,1
13829036463,BTS,1
17754450089,DE,0.7727272727
17583746589,DE,0.3647098423
13829036461,BTS,1
18728215956,DE,1
18243049512,DE,1
16575513006,DE,1
18825582729,DATA,1
17733933098,DS Data Consulting ,0.2205882353
15930153517,DEE,1
17216664605,DS,0.09439023906
13829047399,BTS,1
14857803650,BTS,1
18411854109,DS,1
13828964383,BTS,1
17754448901,DE,1
18133653519,DS Delivery,0.1850396566
10475232283,SAPC Principal Consultant,0.462987013
17734494077,BI,0.5494505495
13828699692,BTS,1
18427933774,DE,0.7910823445
13828685621,BTS,1
15286039087,SACO Consultant,0.25
14857887128,BTS,1
15845467463,DS,1
13828693622,BTS,1
15517916068,MTAR Architect,0.0219876869
14544872752,BI,0.7142857143
15772094767,DATA,1
13829036456,BTS,1
16003128479,MTSE Marketing Service Expert,0.2391304348
14622064239,DEE,1
14792981942,MTAR Architect,1
16073169065,BTS,1
17216514973,DS,0.6909140622
15893507619,CX,0.02979310345
16575451932,DS,1
17772618578,DE,1
13828952833,BTS,1
13828779628,BTS,1
16910907420,DE,1
17002558979,DE,1
16404709420,BI,1
15793425979,MTAR Architect,0.3333333333
13828731427,BTS,1
15374683787,DS,0.3750756316
16644625585,DE,0.2738589212
13829038234,BTS,1
16581702209,DS,0.5
,DS,0.3050302065
16285816427,DE,1
16166153475,Montevideo Labs,0.447761194
14613814785,SAPC Principal Consultant,0.1696428571
13995838308,CXSU Subscription / License CX,0.7368421053
13828981141,BTS,1
14340333648,DEE,1
16548116857,CX,1
17002103833,DE,1
9847075873,SAPC Principal Consultant,0.6410990269
17216514973,DE,0.2958348689
14229969429,DS,0
13828952840,BTS,1
16166153475,DEE,0.552238806
14659159867,Contract to Hire,1
13828964376,BTS,1
17581549176,DE,1
15683984396,DEE,1
14827843234,MTCO Certified Consultant (e.g. Marketo),0.2967032967
16791252877,BTS,1
16767406710,SACO Consultant,0.4113185531
15144134400,CX,0.6666666667
14857814603,BTS,1
14858065228,BTS,1
13828744593,BTS,1
15866004739,DS,0.1
15466637133,SACM Campaign Coordinator,1
13828994718,BTS,1
17733933098,DS,0.3382352941
15944335159,BTS,1
14857864598,BTS,1
17810427721,BTS,1
18603410503,DS,0.4191566667
17579491979,DE,1
17925686935,DE,0.03
18250804323,DS,1
13828672858,BTS,1
17583558302,DE,1
17858842259,DATA,1
17736557589,DS,0.248
16506131094,BTS,1
15126343538,BTS,0
15390887695,DS,1
17690283562,DE,1
17754446339,BI,0.3617021277
13828744584,BTS,1
17583824643,BI,1
13828693606,BTS,1
13829015989,BTS,1
16866728227,BTS,1
17754494903,DE,0.226227283
17734477448,DS Delivery,0.2783505155
14132159126,BTS,0
14857954141,BTS,1
18704188219,CXSU Subscription / License CX,1
13828676256,BTS,1
18678425709,MTSE Marketing Service Expert,0.9523809524
17730862915,DE,0.1827731092
13828999325,BTS,1
18309662633,MTCO Certified Consultant (e.g. Marketo),1
17810428280,BTS,1
18207912549,BTS,1
18900564663,BTS,1
10475232283,MTAR Architect,0.3422077922
17891523450,BTS,1
16790191191,BTS,1
15797631660,BTS,1
15755102130,CX,1
18113471138,DE,1
17581347241,DS,0.1073170732
17856073807,CX,0.5
17556603744,DS,1
18032731280,DE,1
17583486364,DE,1
17754494903,DS,0.5852499811
16790203200,BTS,1
18170300056,CX,0.8463870228
13828981149,BTS,1
17856098676,DS,1
18556480582,DS,0.5714285714
17634948492,DS,0.5945942485
18919109450,BTS,1
17751988508,DE,1
18553324180,MTAR Architect,0.546875
17583536933,DE,1
17319832951,BTS,1
17731619858,DE,0.512195122
18454886467,BI,1
13829010289,BTS,1
10475232283,SACO Consultant,0.1948051948
13829024266,BTS,1
14857883492,BTS,1
15535866494,MTSE Marketing Service Expert,0.04761904762
17853631754,DS,1
13829010287,BTS,1
17754438239,DE,1
17581057915,BI,0.119022085
17734581646,DE,1
17734494073,DE,0.4166666667
17751982925,DS,1
17756862233,DE,0.5575221239
18361477502,DE,0.5
17694846879,BTS,1
17521029203,DE,0.625
13828719020,BTS,1
13828731412,BTS,1
18846179382,DS Delivery,0.1358695652
14858088761,BTS,1
18382217114,DATA,1
15908534318,BTS,1
13829006241,BTS,1
18328550237,DS Data Consulting ,0.6325
15493852564,BTS,1
13829027000,BTS,1
18327340978,DS Data Consulting ,0.4897959184
17751988506,DE,1
15344393847,BTS,0
17734566951,DE,0.15
17925686935,DS,0.97
17908670818,DE,0.25
15847950920,BTS,1
17583893168,DE,1
16616356126,MTAR Architect,1
13828999319,BTS,1
17811623238,DS,0.5499935713
19326215502,CX,0.7165991903
19542141036,DE,1
18096953120,BTS,1
17734494073,BI,0.4166666667
17691799984,BTS,1
14857942164,BTS,1
13828751410,BTS,1
14859043598,BTS,1
17918366741,DE,0.7093023256
13828766014,BTS,1
13828832804,BTS,1
16821593400,BTS,1
17583816586,DE,0.2404343619
16977650078,DS,1
15520800047,DS,0.09439023906
14785722475,Direct Placement,1
16823684505,Client Management,0.0844229166
13829038230,BTS,1
15273662858,DS,0.75
15486745737,DEE,0.04984708265
16770890575,DS,0.3429693701
15582551047,BI,0.1973164957
13828994701,BTS,1
15705783145,BI,0.2515164965
13828751412,BTS,1
15845470578,DS,1
13829026999,BTS,1
16899606622,DE,0.404109589
14811023743,DE,0.752
17393214361,DS,1
16271437949,MTSE Marketing Service Expert,0.652173913
16898004375,CX,0.3621613791
13829015990,BTS,1
14857974304,BTS,1
16484358543,SAPM Project Manager,0.1183673469
14516230567,DS,1
13828644495,BTS,1
16533456983,DE,0.1666666667
17239918001,DE,0.5
16361461006,CX,1
16773034503,BI,0.3333333333
16336551605,BI,0.2511627907
16767406710,DSAN,0.02012835473
16592846934,DE,1
15705783145,CX,0.1633377719
14857750416,BTS,1
16867205036,BTS,1
14857964338,BTS,1
16899850679,DE,0.6
13828972374,BTS,1
15585856392,BI,1
17485333583,DATA,1
15490628789,BI,1
14858061240,BTS,1
16072728969,MTSE Marketing Service Expert,0.62403698
14871632220,MTSE Marketing Service Expert,1
17141220725,BTS,0
14712001877,Contract to Hire,1
14613814785,SAPM Project Manager,0.1428571429
16056914560,MTCO Certified Consultant (e.g. Marketo),1
15491235670,DEE,0.5
15705008764,DE,1
16898004375,BI,0.1549567821
15754439588,DS,0.1216216216
17396574089,DATA,1
14867282591,DS,0.6666666667
15251502211,Contract,1
16371716498,BTS,1
14298686249,DE,1
14230013460,DATA,1
14229964390,BI,1
10125786676,Data Engineering,1
10640389175,Business Intelligence,0.3605457853
14006525954,MTAL Technical consultant Allstar,1
14230122855,DS,1
11635067059,Data Engineering,0.2285713545
7740302656,MTQA Marketing Service QA,0.03853564547
14230050086,DS,0.7595656381
12238718744,Consultant,1
,Consultancy – Marketing,0.003137494287
14230050083,DS,0.6162347408
14230080938,DEE,0.5
14230070857,DS,0.5466666667
14230165817,DS,0.2227722772
14230013446,DATA,1
14230122859,BI,0.08431198187
14230018934,DEE,1
12670594210,Project Manager,0.1733814949
14230075669,DS,0.3333338816
14229985802,ESC,0.1746202756
11756494598,SACO Consultant,0.2842835131
12773355531,SAPM Project Manager,0.05198996056
10874519337,Data Science,1
9631253853,Marketing Services,0.3333333333
13829003140,BTS,1
14229969428,DEE,0.3088157143
17397444685,DATA,1
14230104211,DE,0.6666666667
13828779638,BTS,1
13829010280,BTS,1
15670285849,BI,1
15939205141,MTCO Certified Consultant (e.g. Marketo),0.2830612551
16807953251,DE,1
15153276514,BI,1
15107048096,BI,1
14339724132,CX,1
14858013964,BTS,1
13828664843,BTS,1
10640355436,Data Science,0.1852338413
16249079851,Contract to Hire,1
14827350676,SAPC Principal Consultant,1
15412403207,Direct Placement,1
14827589197,SAPM Project Manager,0.3186813187
7605971213,Data Science,1
14229478432,DS,0.6861157489
14229937185,ESC,1
10683041295,Martech Consultancy,0.7878787879
12387915288,Data Engineering,0.25
7772707203,CCDE Designer,0.1016260163
14230044344,DEE,1
15759086867,ESC,0.25
13828699695,BTS,1
14863446710,BI,1
16592648012,BI,0.268528464
14546089639,DATA,1
15705783145,DE,0.5851457316
14229907640,DE,0.3333333333
17100624192,BI,1
17214938383,DE,0.6707493744
15793425979,MTAR Architect,0.6666666667
13828664859,BTS,1
17214937942,DE,0.6707493744
13828964377,BTS,1
16057974366,DE,0.25
14613814785,MTAR Architect,0.1696428571
14786205952,BTS,0
15585856930,ESC,0.1923076923
15767696283,CXSU Subscription / License CX,0.5970149254
14857883493,BTS,0
13828994714,BTS,1
17153216109,SAPC Principal Consultant,0.2778135048
14611530574,DE,0.4480095763
15691417919,DE,1
15339917917,DS,1
11765406025,MTSE Marketing Service Expert,0.07260726073
14791928606,Contract,1
17500424495,BI,1
15772094358,DEE,0.5
13828960790,BTS,1
13829016066,BTS,1
15170822943,BTS,1
15785371536,DE,0.1
16804063134,CXSU Subscription / License CX,1
15866004739,Client Management,0.1
14621988755,DEE,1
17171086756,BI,1
16865883964,DS,0.5945848114
15866004739,DATA,0.8
14795111977,DS,0.2236192589
13829003147,BTS,1
17160216919,DS,1
15412184724,DEE,1
13828994703,BTS,1
15866383135,ESC,0.1167209555
13828984650,BTS,1
14858077100,BTS,1
14229444015,DE,0.504
15865079424,BI,1
16899850679,DS,0.4
16166588162,BI,0.5
14829173399,BTS,1
15894285351,BTS,1
15144134400,DS,0.1666666667
14728840016,DS,1
14659409799,Contract to Hire,1
15999374872,MTCO Certified Consultant (e.g. Marketo),1
15611844413,MTCO Certified Consultant (e.g. Marketo),1
14756129933,DEE,0.1867730901
14827843234,SAPC Principal Consultant,0.3846153846
15413849724,ESC,0.2166934189
13828731420,BTS,1
15767696283,MTCO Certified Consultant (e.g. Marketo),0.4029850746
15474571348,DS,1
13828728623,BTS,1
15865258560,SACO Consultant,1
15483828513,CXSU Subscription / License CX,1
13828972367,BTS,1
15486745737,DS,0.298685308
11234304786,Marketing Services,0.6204465335
13828699679,BTS,1
15285770529,SAPM Project Manager,0.1538461538
14814207007,BTS,1
15331840679,DEE,1
16360626433,BI,1
13828751417,BTS,1
13828999322,BTS,1
16807042572,DE,1
14992035500,SAPM Project Manager,0.1276171486
16977650851,DE,1
16310328101,DS,1
16316092224,BI,1
16006569832,DS,0.0475
16644266017,BI,1
,BI,0.1246975769
16056925267,MTCO Certified Consultant (e.g. Marketo),1
13828991549,BTS,1
14229401617,BI,0.1086956522
13829010291,BTS,1
16057974366,DE,0.25
13828699696,BTS,1
17000956219,DE,1
13829047384,BTS,1
14857799782,BTS,1
14230104216,DEE,1
14999340598,BI,0.25350875
15893507619,DEE,0.01944827586
8888949382,Data Science,1
,SAPM Project Manager,0.002744680002
13828779630,BTS,1
13928157731,MTCO Certified Consultant (e.g. Marketo),1
15413849724,BI,0.7833065811
16867302456,BTS,1
17472390699,BI,1
16896090545,MTFD Marketing Service FD,0.6370967742
16790914728,BTS,1
15866383135,BI,0.0542888165
11990476418,MTCO Certified Consultant (e.g. Marketo),0.2
14230030122,DEE,0.5241294274
12002217473,Product Owner - found by Lex (James Ford),1
13458564467,Post GoLive support_MTCO Certified Consultant (e.g. Marketo),0.04060913706
12386434462,Consultancy (data),0.2653115256
10693984921,Product Sales,0.4545454545
10561512286,Consultancy – Architectural,0.2202466763
14229911914,BI,0.6299935897
14229350043,BI,1
14230104202,DS,0.5
14230036652,ESC,0.4011398544
14230050070,BI,0.3490728477
9006035613,Marketing Services,0.5
14229911910,BI,1
,Martech Consultancy,6.274988573e-05
9364397604,MTCO Certified Consultant (e.g. Marketo),1
12649095808,Project Manager,0.2
8229366043,Business Intelligence,1
11849757696,Consultancy – Marketing,1
11782074181,Data Science,0.2321899736
11728422995,Martech Consultancy,1
9013941048,MTSE Marketing Service Expert,0.2296650718
14229975682,ESC,0.3333333333
8966192789,MTSE Marketing Service Expert,0.7924980048
14230165822,BI,1
10995465645,SAPM Project Manager,0.2959641256
14229350047,DS,1
11395736176,SACO Consultant,1
13926183181,SAPM Project Manager,0.133671969
14230137614,ESC,0.5351330088
14229516193,DS,0.6379695906
12037982478,Data Science,1
12136453513,Consultancy (data),0.14285
14229350044,DATA,1
14230004580,BI,0.4195835278
10640282255,Data Science,1
14230130015,DS,0.5364238411
14402921795,BI,1
14229911909,DS,1
12878827954,CXSU Subscription / License CX,1
14230004580,ESC,0.5804164722
10993482839,Consultancy,1
14230044338,BI,1
12187296820,Business Intelligence,1
10639799850,Data Engineering,1
14229333046,ESC,0.2
11265591810,Consultant,0.5555555556
14230025367,BI,0.3333333333
14229947941,DS,1
14230143770,DS,1
10944615273,Data Science,1
14229318250,DS,1
10843844981,Martech Consultancy,1
14229937177,DEE,0.312600328
14304669487,DS,1
12528513291,Data Science,0.3333333333
13458471195,SAPC Principal Consultant,0.4166666667
11647351959,Martech Consultancy,0.812093953
9013941048,SACO Consultant,0.5789473684
11634000056,Martech Consultancy,0.2025316456
14230097159,DEE,0.619784756
11174740278,Consultant,0.7578947368
11160263478,Consultancy,0.9042553191
14230122850,DE,1
10640258330,Data Science,1
10997027915,Martech Consultancy,1
,"Certified Consultant (e.g., Marketo)",0.008031985374
14229985810,BI,0.8831775701
14229333040,DATA,0.2355223053
8897859619,Content Specialist,0.1378883288
12365020456,Consultancy (data),1
11223634759,Data Engineering,1
10683042093,SACO Consultant,0.25
7505118477,SMS Connector License,1
14229516197,DEE,1
12776001041,MTSE Marketing Service Expert,0.7768924303
14229901205,DS,1
11815706509,Marketing Services,0.7881773399
14381170580,DATA,0.3333333333
14230025384,DS,0.1073170732
14230055457,DEE,0.3260869565
9398962282,MTSE Marketing Service Expert,0.1086956522
12561119494,Consultant,1
,CCCD Art director,0.0008282984917
12354142491,Consultancy (data),1
11634000056,Data Engineering,0.1265822785
8195474054,Business Intelligence,1
11270313287,Data Science,0.67
12187343397,Consultant,1
9631253853,Martech Consultancy,0.6666666667
13084274072,CXSU Subscription / License CX,0.64
13088001593,MTAR Architect,0.08051529791
14230070857,BI,0.4533333333
14267137289,DS,0.7391304348
14229911900,DEE,0.4702590674
6846650893,Eloqua License,1
9399216566,Data Science,0.2222222222
14341732667,DS,1
14230122854,Data Engineering and Martech,1
14545547797,DE,1
10996855220,Marketing Services,0.6293396366
14229394304,DATA,0.3174603175
12354685805,Business Intelligence,0.2
11778719384,Consultancy – Marketing,0.8268190018
14230036652,DEE,0.5988601456
14230025382,DEE,0.199075
10640222878,Data Science,0.4716981132
10994001329,Consultancy – Marketing,0.1996007984
14229981756,DEE,0.4170425554
11407302202,Data Engineering,0.5
12561291896,Project Manager,0.1854599407
12238779039,Strategist,1
12417071727,MTSE Marketing Service Expert,1
14230157428,DS,0.7480620155
14229419129,BI,0.8064516129
14230070864,DS,0.790066694
10288269826,Consultancy – Architectural,0.3278688525
14230157426,DEE,1
14398099983,DS,1
11765394199,SACO Consultant,0.8284883721
14229355403,DEE,0.5
10810412355,Data Engineering,1
11964756782,Business Intelligence,0.5
12166749741,Consultancy (data),1
14230130017,DEE,0.5
11634000056,Consultancy – Business,0.06329113924
7740302656,MTCO Certified Consultant (e.g. Marketo),0.5202312139
10963719289,Data Engineering,0.5
13088002087,SAPM Project Manager,0.07998889043
14229516190,DEE,0.7198067633
12528513291,Consultancy (data),0.3333333333
14230130024,DEE,0.2344399169
11234712117,Marketing Services,0.4715127701
14229318241,DS,1
10994001329,Martech Consultancy,0.1746506986
13410093568,MTAR Architect,0.2173913043
14230030122,BI,0.1192765375
8897859619,SACO Consultant,0.1849325821
10234920788,Data Engineering,1
14229444097,DE,0.328358209
12834715998,Consultancy (data),0
14230130030,BI,1
14229952657,DEE,0.7075827954
,"Certified Consultant (e.g., Marketo)",0.008031985374
11265591617,Project Manager,0.3258426966
11554389827,Data Engineering,1
14229355384,BI,0.9623762376
10640247311,Consultancy (data),0.0757966225
12032441721,Consultancy (data),1
8504915609,SAPM Project Manager,0.1701579117
11765405512,Martech Consultancy,1
11234712117,Consultancy – Marketing,0.2829076621
13240997561,MTCO Certified Consultant (e.g. Marketo),0.84375
14230122859,DS,0.4124723904
14229401610,DEE,1
14229478422,BI,1
12204958494,Business Intelligence,0.375
9284036775,Data Engineering,0.666665
12187342683,License,1
14251479461,DEE,1
14229457674,BI,1
11408026182,Data Science,1
12386434462,Business Intelligence,0.3605342119
11236108360,Data Engineering,1
12354685805,Data Science,0.2
11634775696,Data Science,0.8000002017
14230055451,DEE,0.1372667981
14229901200,DS,0.3571428571
12624684665,MTCO Certified Consultant (e.g. Marketo),1
8674503938,Data Science,0.3055555556
11270882113,Data Engineering,0.2150537634
14229952663,DS,0.7374593807
10896141990,Business Intelligence,1
10615444001,Consultancy (data),0.155067315
10288269826,Marketing Services,0.393442623
11421117277,Project Management,0.1117764471
14230109757,DEE,1
13088001593,SAPM Project Manager,0.154589372
14230165821,DEE,0.359
10614368783,Martech Consultancy,1
9044946962,Data Science,1
14230018933,DS,1
10926530127,Data Science,1
14230018938,ESC,1
10996854550,Consultant,0.07027027027
12238094938,"Certified Consultant (e.g., Marketo)",1
13900683789,CXSU Subscription / License CX,0.8166666667
11782074181,Consultancy (data),0.07124010554
8897859619,"Certified Consultant (e.g., Marketo)",0.1576793595
9218893629,Consultancy – Architectural,0.1336898396
11407923294,Data Science,0.5
,Consultancy – Business,0.002196246001
14229401616,DS,1
11932867168,Data Engineering,0.6428571429
11040985431,MTCO Certified Consultant (e.g. Marketo),0.5376344086
14229444104,DS,0.4579483039
13778310752,MTCO Certified Consultant (e.g. Marketo),1
13793525762,MTAR Architect,1
11635185949,Data Engineering,0.3200000726
15972787091,DEE,0.25
14230109751,CX,1
14992035500,MTCO Certified Consultant (e.g. Marketo),0.8723828514
10996854550,"Certified Consultant (e.g., Marketo)",0.9297297297
14340219226,MTCO Certified Consultant (e.g. Marketo),0.8578431373
14230165821,BI,0.26173
10421833478,SAPM Project Manager,0.7963800905
14230050083,BI,0.3837652592
12528513291,Data Engineering,0.3333333333
8897859619,MTSE Marketing Service Expert,0.2238657573
13506969347,CCCS Content Specialist,0.3951612903
14230061880,DEE,0.4214902092
11040985431,MTQA Marketing Service QA,0.4623655914
17223529729,CX,0.1754104095
19327568230,DS,1
13829003156,BTS,1
14757848888,CXSU Subscription / License CX,0.6894409938
16714781009,BTS,1
18091136669,BTS,1
18328550237,DS,0.22125
17814676841,DE,1
17890879494,BTS,1
13828709222,BTS,1
14785089649,BTS,1
17583549295,DE,1
18151585888,DS,1
13828689844,BTS,1
20552648118,Lead Data Engineer,1
20138124089,BTS,1
15344620690,BTS,1
17731343965,DE,1
13829038225,BTS,1
17047571205,CX,1
17811720573,BTS,0
19030489760,CCDE Designer,0.8843930636
18978387797,BTS,1
13829003151,BTS,1
13828960607,BTS,1
16790804242,BTS,1
14858077098,BTS,1
20822932398,BTS,1
20652954465,Senior BI Consultant ,0.2
17852946081,SAPM Project Manager,0.1768292683
19415780024,BTS,1
19763830574,DS,1
19883848834,BTS,1
20777170529,CCCS Content Specialist,1
20506038041,DS,1
19763827879,BI,1
18846178336,DS Delivery,1
20486844021,DS,1
19753745216,DE,0.568627451
19882329491,DS,1
18759112060,BTS,1
19384554556,DE,1
13828761264,BTS,1
17874976156,BTS,0
19755548009,DS,1
20139083949,BTS,1
20793811775,Senior Data Engineer ,1
18939402910,DE,0.5331923032
20976160836,BTS,1
20657669967,BTS,1
20193356820,BI,1
19379264945,DS Delivery,0.1499957144
20773419834,Data Scientist ,1
18127904804,CX,0.2
14659160124,BTS,1
17583768144,BI,1
17734566951,DS Data Consulting ,0.15
18006793298,CX,1
17730513569,DS,0.5
13829036468,BTS,1
18357566507,BI,1
14380945248,DS,0.5
17959543074,Client Management,0.2
15877404266,CX,0.5
17583558301,CX,1
18053255701,BTS,1
17223529729,MTCO Certified Consultant (e.g. Marketo),0.4751639198
17777867799,BTS,1
18849408353,DS,0.4894366197
17583641901,BI,1
13829038233,BTS,1
18553324180,SAPM Project Manager,0.453125
18144620041,DE,1
16474211143,CX,1
18362804846,DE,0.31191125
13828682124,BTS,1
17754440057,DS Data Consulting ,0.2682119205
13828724871,BTS,1
17581506684,DE,1
18020286595,DE,1
19015244707,BTS,1
17778145574,BTS,1
14659411043,BTS,1
18539922349,BTS,1
13829036469,BTS,1
18384345649,BTS,1
17890822971,DS,1
14380945248,DE,0.5
17789328915,BTS,1
14785926258,BTS,0
17926149402,DS Data Consulting ,0.06153061224
17908670818,DS,0.25
17583569682,DS,0.4191566667
19819551254,DS,0.25
17731530802,DE,1
17730513569,DE,0.5
19883138727,DS,0.3
13828972380,BTS,1
13829047393,BTS,1
16487821984,BTS,1
17855106563,CX,1
17905124946,DS Delivery,1
18353947065,BI,0.3816793893
18246027632,BTS,1
13828766029,BTS,1
14791923244,BTS,0
19274805327,DE,0.7751937984
19884140206,BTS,1
19569887350,BTS,1
17736646253,DE,1
19274805327,DS,0.2248062016
20079681136,BTS,1
19730949805,Futureproof,0.5
19371546524,CX,0.76
19846056261,DE,1
20510370659,BI,0.1769230769
20326164604,BTS,1
19902785076,DE,1
17810340783,DS Data Consulting ,0.2054794521
20176907366,CX,0.1491237351
20052534905,BI,1
20652954465,Data Scientist ,0.4
19562985905,DE,0.8483754513
19990057559,DS,1
19380522091,DS Data Consulting ,0.157480315
20242776747,DE,0.9073856876
20331842920,DS Delivery,1
19859922019,BTS,1
20331842644,DS Delivery,1
20347402061,BI,1
20193848671,BI,0.1
19851487609,BTS,1
20797225631,BTS,1
19412921438,BI,1
20404305575,Forthpoint,1
20000917326,DE,0.8138504673
21005691767,BTS,1
20864759726,BTS,1
19760303401,BI,1
20710923941,DS,0.5714285714
19699848266,BTS,1
19846056199,DE,1
19041763885,DS Delivery,0.1538461538
20660299190,Data Engineer ,0.3620689655
19856741292,BTS,1
20909006968,DATA,1
20169343284,DE,1
20482639425,MTQA Marketing Service QA,0.08828073273
19441039177,DS,1
19648126012,BTS,1
19384397870,BTS,1
20710923941,DE,0.4285714286
19214684439,BI,1
20784252426,DE,1
20384482624,BTS,1
18425604231,DS Delivery,0.15
19677390182,BTS,1
18939402910,DS,0.4668076968
17754429523,DS Delivery,0.07528786537
20410692375,BI,1
19569235802,BI,0.5625
20222878088,Client Management,0.3402914104
20079015968,DE,0.4200387836
20224203374,CX,0.3076923077
19561588493,DE,1
19754914100,CX,1
21054210330,Delivery Lead ,1
20223671299,CX,1
20224203374,DS,0.3461538462
20973728397,DE,0.5
17810340783,DS,0.25
19699846428,BI,0.5
19645125528,BI,0.5
19753653324,DS,0.431372549
17583569682,DE,0.01854333333
20029949199,DS,1
17583711252,BI,0.2646772195
19547859889,BTS,1
20363864976,BTS,1
20000917326,Client Management,0.1861495327
19539012741,BTS,1
20864993298,BTS,1
19876334468,DE,1
21004136266,BTS,1
20189294337,BTS,1
20408411804,BI,1
19542140767,DE,1
13828967609,BTS,1
21063477417,Delivery Lead ,0.4705882353
20062947087,BTS,1
19883971883,BTS,1
20009989461,DE,0.125
19907798051,CX,0.2826086957
20195017825,BI,1
19992612445,BI,1
19682283607,DE,0.5
19756762544,DS,1
19536364813,BI,0.3333333333
20221857695,DE,0.3333333333
14858051637,BTS,1
19569236781,DE,0.462962963
20009989461,CX,0.76
19885990555,BTS,1
20695757132,DS,1
18247212720,DS,0.5
20382875463,BI,1
19518555452,BTS,1
21002167724,DS,0.5609256957
17296920926,CX,0.5
20223674749,DS,0.8344360661
19992281207,BI,1
20711186073,Senior BI Consultant,0.1803278689
18401207360,DS Delivery,0.2307692308
14351337245,BTS,1
18170661258,BTS,1
16173717633,MTAR Architect,0.5034982509
14857818246,BTS,1
17959730057,DATA,1
13828960612,BTS,1
16455878945,BTS,1
13828748601,BTS,1
14857857029,BTS,1
18178530327,DS,0.8
17754491188,DS Delivery,1
17926149402,DE,0.5765306122
15942412064,BTS,1
13829019555,BTS,1
16006569832,DEE,0.095
17583436876,DE,0.7131725927
16977099341,BTS,1
13828699690,BTS,1
13828685627,BTS,1
16852966269,BTS,1
17908670818,CX,0.5
13828731428,BTS,1
17778141962,DE,1
17272746106,BTS,1
16533312662,BTS,1
15939387721,CXSU Subscription / License CX,1
13829038224,BTS,1
15361607846,CX,1
17583461976,DE,1
17870770228,BI,1
16172385720,MTAR Architect,1
17751996483,DE,0.4166666667
18225668914,BI,1
13828960788,BTS,1
13828724851,BTS,1
17733953808,DS,1
18239395210,MTSE Marketing Service Expert,1
13828766019,BTS,1
13828685625,BTS,1
17216472160,DE,0.0654768315
17732410491,CX,1
16072728969,SAPC Principal Consultant,0.2095531587
16488544860,BTS,1
17791738713,CX,1
17734462250,DE,1
18595500102,MTSE Marketing Service Expert,1
15889754645,CXSU Subscription / License CX,1
17910660876,DS,1
17751983453,DS,1
14785092356,BTS,1
16979388196,BI,1
17583601162,DE,1
17216997551,BTS,1
14814777989,BTS,1
16533456983,BI,0.8333333333
14858088763,BTS,1
13828766023,BTS,1
15742593052,DE,1
14681157416,DE,0.5
13828994696,BTS,1
15286356917,BI,0.4693006863
16767474052,SACO Consultant,0.3312969376
16611419966,DEE,0.25
14925432195,BI,1
15767999822,MTCO Certified Consultant (e.g. Marketo),1
13828761243,BTS,1
13828744587,BTS,1
10996805720,Marketing Services,0.5
14818010902,DS,0.4796849315
14636400302,DATA,1
9847075873,SAPM Project Manager,0.04979965655
14229947922,BI,1
17026387058,BTS,0
16137042207,BTS,1
13829006242,BTS,1
16770890575,DE,0.6570306299
14857822355,BTS,1
13828709225,BTS,1
16808537187,DS,1
14659408478,BTS,1
17755405941,CX,1
17436775575,DE,0.1136363636
14857948208,BTS,1
16898004375,DE,0.4828818388
15474568984,DEE,1
16791435180,BTS,1
16773034503,DS,0.3333333333
15706992182,DE,1
15720860460,MTSE Marketing Service Expert,1
13828977517,BTS,1
14757848888,MTSE Marketing Service Expert,0.3105590062
15798400336,DATA,1
13828960614,BTS,1
13828977526,BTS,1
16534046810,DEE,1
14229969429,ESC,1
17001022392,DE,1
13828724875,BTS,1
13828960593,BTS,1
14818010902,BI,0.5203150685
15960404022,BI,1
17284646661,DS,1
14917100297,DEE,1
16866229399,DE,0.5
15491586211,ESC,1
13828672857,BTS,1
17771531701,MTAR Architect,1
13828972378,BTS,1
14857992055,BTS,1
13828719017,BTS,1
17959727185,DS,0.8125
17734477448,BI,0.7216494845
17735849755,DE,0.5906976744
,BI,0.01606397075
18034524532,BTS,1
18846179382,DE,0.4662731433
17736557589,DE,0.752
14858033563,BTS,1
18982355761,BTS,1
17751988507,DS Delivery,0.15
18436158864,Solutions,0.3333333333
13828719008,BTS,1
17794807639,BTS,1
18357620822,DE,0.5
14859091237,BTS,1
19024979591,BTS,1
15374683787,DE,0.07403060059
18262439992,DE,1
16575645970,SAPC Principal Consultant,0.4237570723
17754432044,DS Delivery,0.1666666667
18094918327,DATA,1
15969934760,BTS,1
18407390039,BI,0.5
17752025993,DS,0.5555555556
13829036460,BTS,1
17214937942,CX,0.3292506256
17583536934,CX,1
15676678829,BTS,1
18412603032,DS,1
15561774946,BTS,1
18556480582,Solutions,0.08571428571
18245686590,DATA,1
14857984776,BTS,1
18653886842,DS,1
18098619393,Solutions,0.3333333333
18435752789,Solutions,0.2553191489
17581506682,BI,1
17026395417,BTS,0
18053600381,BTS,1
18051147938,MTCO Certified Consultant (e.g. Marketo),0.1333333333
14859042890,BTS,1
16609501486,BTS,1
15248130141,BTS,1
13828719018,BTS,1
18457762686,BTS,0
13828664850,BTS,1
13828999318,BTS,1
17751988507,DS Data Consulting ,0.5666666667
17689303569,CX,1
13828832815,BTS,1
17982941848,CX,0.334265254
13828731417,BTS,1
17731383959,DE,1
18051147938,MTCO Certified Consultant (e.g. Marketo),0.8
13828719006,BTS,1
14857799781,BTS,1
13828664838,BTS,1
17922913291,DATA,1
13828751416,BTS,1
17869713802,BTS,1
17808215903,DE,0.9073856876
18508429996,BTS,1
16100391042,BI,0.6666666667
17754450089,DS Delivery,0.2272727273
18242102321,BTS,1
17806464279,DE,1
17754432044,DE,0.1666666667
13828649018,BTS,1
17583621027,DS,1
15772947813,Solutions,0.08808934992
14857833125,BTS,1
16790112769,BTS,1
17556604047,DS,1
17583730538,DE,1
17771226635,DE,1
13829036467,BTS,1
19562870446,BTS,1
16896592535,DE,0.6260869565
18357620822,CX,0.5
13828672853,BTS,1
13828689843,BTS,1
18976821658,DS,1
17521029203,Solutions,0.04166666667
17852576804,DSAN Analyst,1
18150084937,MTSE Marketing Service Expert,0.1818181818
13828967601,BTS,1
13828748625,BTS,1
13828709229,BTS,1
20717297219,BTS,1
13828649028,BTS,1
18741572210,AI Consulting,0.5
17982941848,DE,0.5480595296
18263707663,BTS,1
18328550293,DE,1
13828952749,BTS,1
17752025993,DS Data Consulting ,0.1111111111
17583816586,DS,0.7595656381
15152790047,BTS,1
17735849755,DS,0.4093023256
13828731413,BTS,1
17751988507,DE,0.2833333333
16778635661,SAPM Project Manager,0.7441860465
15310283836,SAPM Project Manager,0.1871657754
14857995440,BTS,1
17101007442,DS,1
14833615214,DE,0.4730163486
13828644496,BTS,1
16767474052,MTCO Certified Consultant (e.g. Marketo),0.3219969649
16534047814,DE,1
15284030807,SAPM Project Manager,0.04902789518
15476858203,BI,1
15759086867,DEE,0.5
15794172776,SACO Consultant,0.3393107448
15782320501,DEE,0.2
16456055960,BI,1
16454352665,BI,1
13828731425,BTS,1
10640324388,Consultancy (data),0.1967654987
13828977523,BTS,1
13828960600,BTS,1
15675820921,BI,0.6779661017
14756129933,DS,0.5822120867
13828699693,BTS,1
16778635661,MTSE Marketing Service Expert,0.2558139535
16265788833,SAPC Principal Consultant,1
16059181240,DE,1
15799538994,BI,1
13828952842,BTS,1
16277915311,DE,0.7948865979
15751602795,SAPC Principal Consultant,0.5087209302
14858009491,BTS,1
16823684505,DE,0.07134791739
16998698524,MTCO Certified Consultant (e.g. Marketo),0.837628866
13828738637,BTS,1
17216664605,DE,0.6215845637
17434932744,BTS,1
14728838263,DS,0.6909140622
12776000378,SAPM Project Manager,0.2805755396
14786427752,Contract to Hire,1
15684087661,DS,1
15581384563,SAPC Principal Consultant,1
15939205141,SAPM Project Manager,0.06589785832
13828709231,BTS,1
15972787091,ESC,0.75
17436775575,BI,0.1045454545
14857968546,BTS,1
15115171712,DS,1
15409184036,SAPM Project Manager,0.08411214953
13828644490,BTS,1
16003597368,MTCO Certified Consultant (e.g. Marketo),0.7659574468
15751602795,SAPM Project Manager,0.08430232558
15476064142,BI,1
13828644505,BTS,1
14724609537,DEE,0.4518518519
13828751418,BTS,1
13829026981,BTS,1
16271437949,CXSU Subscription / License CX,0.08695652174
14377241643,BI,0.1636363636
16998698524,SAPM Project Manager,0.162371134
15412187003,Contract to Hire,1
13828952753,BTS,1
13828644488,BTS,1
15495080513,DATA,0.005421592032
17270502830,CX,0.09224531171
16772478625,BI,1
13828761259,BTS,1
16773034503,ESC,0.3333333333
16791068301,BTS,1
13828672852,BTS,1
13828728635,BTS,1
14916644417,ESC,0.08283998691
13828699681,BTS,1
9398962282,SACO Consultant,0.7336956522
5295958456,Product Sales,1
12735559593,SAPM Project Manager,0.7588424437
10996678329,MTCO Certified Consultant (e.g. Marketo),0.3267731155
14230061881,DS,0.37927
10996805720,Consultancy – Marketing,0.5
14229401615,DEE,0.4334482315
14229444018,DS,1
12135015228,MTCO Certified Consultant (e.g. Marketo),0.53125
11964756356,Data Engineering,0.4210526316
10640247311,Data Science,0.60637298
,Project Manager,0.001807196709
15951609682,MTFD Marketing Service FD,0.7878787879
17026395285,BTS,0
16823684505,DS,0.844229166
13828682153,BTS,1
15845917831,DS,0.05995178441
15866384280,CX,1
14229394295,DE,0.0654768315
14833615214,DS,0.5269836514
16413871417,BTS,1
15785371536,BI,0.1
14857984775,BTS,1
17154871223,MTSE Marketing Service Expert,1
14230104213,DEE,0.4891304348
13828779629,BTS,1
13828728633,BTS,1
14229350051,DATA,1
15412187293,Contract,1
16976305012,BI,1
16455303519,BI,1
14827589197,MTCO Certified Consultant (e.g. Marketo),0.2967032967
16811421317,DEE,1
15954185039,DS,0.1269807042
15214280552,SAPM Project Manager,0.2577319588
14857857028,BTS,1
13828832809,BTS,1
14659161972,BTS,1
15718157191,DS,1
17000641921,DS,1
14999340598,DE,0.31191125
14229394295,DS,0.8221904585
15144848311,Montevideo Labs,0.186440678
14681157416,CX,0.5
15478012305,Contract,1
17216472160,BI,0.11233271
14827589197,SAPC Principal Consultant,0.3846153846
17001844665,DE,1
14720156724,MTCO Certified Consultant (e.g. Marketo),1
13828751425,BTS,1
13829006243,BTS,1
14785734798,Direct Placement,1
15866099972,DE,1
17026386194,Contract to Hire,1
13828994697,BTS,1
16974340463,DE,0.1139801278
17445793939,DS,0.4
13828682132,BTS,1
14786205546,DEE,1
13828999328,BTS,1
16997883282,DS,1
14827351304,MTSE Marketing Service Expert,1
16135403283,DS,1
16371671830,BI,1
15707273054,DEE,1
16413476435,DS,1
15214280552,MTSE Marketing Service Expert,0.7422680412
14659157398,Contract to Hire,1
16823684397,DS,0.6111266182
17002222971,DE,1
14532422197,ESC,1
15144134400,BI,0.1666666667
14659161393,BTS,1
17451463557,DE,0.6
17000956465,DE,1
16592648012,DS,0.6428571429
13828766012,BTS,1
16867355719,BTS,1
14377617799,DEE,0.1333333333
15846061497,DS,1
13828664855,BTS,1
13829047385,BTS,1
16457306019,DS,1
13828644503,BTS,1
15653281443,BTS,0
13828766030,BTS,1
13828984642,BTS,1
16581702209,BI,0.15
15816715367,DS,1
16854053026,DE,1
13828728621,BTS,1
13828782894,BTS,1
17217473362,BTS,1
16166588162,DEE,0.5
16250095731,BTS,1
17486038042,DE,1
16571516166,BI,1
16041168808,BTS,1
14519574856,DS,1
17026395168,BTS,0
15139729316,Contract to Hire,1
15954185039,CX,0.07063429442
14786427438,Contract to Hire,1
15518412096,CXSU Subscription / License CX,0.154155496
13828709227,BTS,1
15975489569,DEE,0.2963636364
16336551605,DE,0.1953488372
16823762353,DE,0.07134791739
13828731422,BTS,1
17156116034,SAPC Principal Consultant,1
13828738625,BTS,1
15155057979,Direct Placement,1
15939205141,MTQA Marketing Service QA,0.1362138685
14230130027,CX,0.5021936308
16790914350,BTS,1
15794172776,CCCS Content Specialist,0.1401711054
15285770529,SACO Consultant,0.1602564103
14377241643,CX,0.1818181818
15538777230,SAPC Principal Consultant,0.1617021277
14655384408,BTS,1
15862357058,MTAL Technical consultant Allstar,1
16714780551,Contract to Hire,1
13828782897,BTS,1
14728838263,DE,0.2958348689
13828761263,BTS,1
13828676246,BTS,1
15683722373,BTS,1
13828738633,BTS,1
13829036451,BTS,1
16867284572,BTS,1
16293138750,DATA,1
13829010274,BTS,1
16767406710,SAPM Project Manager,0.04375729288
14545804713,DATA,1
15797833108,DS,0.33333
14230018929,DS,1
15862763879,MTFD Marketing Service FD,1
10995465645,MTCO Certified Consultant (e.g. Marketo),0.1644245142
16359507535,DS,0.6779661017
15070427288,DS,0.5
15675820921,DS,0.3220338983
15951612022,SAPC Principal Consultant,1
16180530746,MTSE Marketing Service Expert,0.2631578947
16572427106,SACO Consultant,1
13828964384,BTS,1
15518412096,MTFD Marketing Service FD,0.4343163539
17436775575,CX,0.6909090909
14229318240,CX,1
10963719289,Consultancy (data),0.5
14230200493,DEE,0.875
14229318249,DS,0.8832519316
14229516195,DS,0.1073170732
14229355395,DEE,1
12135015228,MTQA Marketing Service QA,0.46875
10640389175,Consultancy (data),0.1496594971
9678281602,Product Sales,1
10640222880,Data Science,1
14229333046,DS,0.8
14230004582,BI,0.2875
12561204239,Consultant,0.2857142857
13084274072,MTCO Certified Consultant (e.g. Marketo),0.36
12136453513,Data Engineering,0.428575
12204958494,Consultancy (data),0.25
5116885804,Consultancy – Architectural,1
14230030122,ESC,0.3565940351
14229985800,DATA,1
14229478421,DS,1
14229969428,DS,0.3951042857
13505877851,SAPC Principal Consultant,0.2950326141
12187296376,Consultancy (data),1
14230122860,DEE,1
10639799849,Data Engineering,1
14230050068,DEE,1
10170823968,Data Science,1
14230130031,ESC,0.07142857143
14229911896,DS,1
,Data Science,6.274988573e-05
14229975682,DEE,0.6666666667
14381170580,DS,0.3333333333
10565002393,License,0.08163265306
14229964389,BI,0.5670275847
12733929797,Consultant,0.5
14230104205,DEE,1
14230025384,DEE,0.8926829268
10578429754,Data Engineering,0.4116706635
14230070862,DEE,0.04812559673
10286655653,Martech Consultancy,1
14230036659,DS,1
14230130032,BI,1
14005466013,MTCO Certified Consultant (e.g. Marketo),0.875
10884652936,Business Intelligence,1
14229952652,DEE,1
10996806555,MTCO Certified Consultant (e.g. Marketo),0.1886792453
11929766548,Data Engineering,1
14298186419,DS,0
9218893629,Consultancy – Marketing,0.192513369
14229964389,DEE,0.2676057198
12776000378,MTSE Marketing Service Expert,0.7194244604
14229318238,DS,1
14230050084,DEE,1
14230080938,BI,0.5
,Data Science,6.274988573e-05
11265591617,Marketing Service QA,0.6741573034
16576696132,DS,1
14229907716,DS,1
12924001161,SACO Consultant,1
11160263478,Project Management,0.09574468085
14230109753,BI,1
12733929797,"Certified Consultant (e.g., Marketo)",0.5
14230097158,DEE,1
14229355404,DATA,1
14230036655,DEE,0.499997
10615444001,Data Science,0.2992527131
14229318251,DEE,0.5329482948
14230044419,DEE,1
12787780421,MTCO Certified Consultant (e.g. Marketo),0.3333333333
11990476418,License,0.8
14229911908,BI,1
13088001593,CCDE Designer,0.08051529791
14229318252,DS,1
14230104204,DS,0.5756980002
11635185949,Data Science,0.4800001089
12387915288,Business Intelligence,0.25
8504915609,MTCO Certified Consultant (e.g. Marketo),0.3867225266
11964755831,Consultancy (data),0.1249981614
10640292185,Consultancy (data),1
10640234341,Data Science,0.3999999597
14230091429,DS,1
14435340875,DEE,0
12834715998,Data Engineering,0
14230097159,DS,0.380215244
11756494598,MTSE Marketing Service Expert,0.2311248074
14229924997,DS,0.9912970575
14229444098,DEE,0.8
12342553192,Business Intelligence,1
14229981760,DS,1
14229478415,DEE,0.5
12153867593,MTCO Certified Consultant (e.g. Marketo),0.05128205128
14230025375,ESC,0.301268246
12576604183,License,1
11733315241,Data Science,1
14435340875,DS,0
12576603428,License,1
11765394199,MTSE Marketing Service Expert,0.06395348837
10926529878,Data Science,1
13088001593,MTSE Marketing Service Expert,0.6843800322
14229394304,DS,0.6825396825
14230165806,DATA,1
12735559593,SACO Consultant,0.2411575563
12238724880,Strategist,1
12387915288,Data Science,0.25
14230018928,DEE,1
13084337186,SAPC Principal Consultant,0.564516129
13458564467,SFDC Integration PR_MTCO Certified Consultant (e.g. Marketo),0.09137055838
9218895143,Marketing Services,1
14230055457,DS,0.6739130435
11346276144,License,1
9412865152,Data Science,1
12561264251,Consultant,1
14229947935,DEE,0.5
14230165816,DS,1
14230075681,DS,1
11964755831,Data Engineering,0.5000024514
12560559931,Consultant,1
10640271162,Data Science,0.3334724541
7015523146,Consultancy,1
14230080943,DATA,1
10640222878,Consultancy (data),0.2075471698
10838226505,Consultancy – Marketing,0.5194390059
14499284747,DEE,1
12576847876,Consultant,1
10995466861,Martech Consultancy,1
11220860488,Consultancy,1
10796302872,Data Engineering,1
14229947938,BI,0.09606373008
14230109762,BI,0.7625477712
14230030121,DATA,1
14230004583,DATA,1
10640324388,Data Science,0.08086253369
11190457442,Business Intelligence,0
10952759952,Data Engineering,1
8353117321,Data Engineering,0.3333333333
14229401620,ESC,0.4160260787
14339829934,DE,1
14229355397,DEE,1
14230157415,BI,1
11720834667,Data Science,1
14229516190,DS,0.2801932367
,Architect,0.005521989944
14229985810,DS,0.1168224299
14229333037,BI,0.8766235849
11270312287,Consultancy (data),0.2678571429
10997029176,Martech Consultancy,0.4680261833
12253990721,MTAL Technical consultant Allstar,1
11174624646,Junior Consultancy (€90 / hour),0.4082840237
11932610118,Data Science,0.5
12773355531,CXSU Subscription / License CX,0.3384725708
11647351959,Marketing Services,0.09995002499
11270882113,Business Intelligence,0
9456124034,Data Science,1
12354685805,Data Engineering,0.4
10639799847,Data Engineering,1
14229457677,BI,1
12186985279,Consultancy (data),0.0625
11778719384,Consultancy – Marketing,0.1731809982
11175308102,Consultancy (data),0.380952381
11885752655,SACO Consultant,1
11174740278,Project Manager,0.2421052632
11602703115,License,1
8298268504,Data Engineering,1
14229516193,DEE,0.3421730994
12186985279,Business Intelligence,0.5625
10615444001,Business Intelligence,0.07299670923
14229901200,ESC,0.6428571429
12773355531,MTAR Architect,0.0836620055
13458471195,SACO Consultant,0.3452380952
14229911898,DEE,1
11634775696,Consultancy (data),0.1999997983
14230050070,DS,0.6509271523
10640234341,Data Engineering,0.3999999597
14229969425,ESC,0.01750086592
14229947931,DS,0.6615087041
14230061880,ESC,0.4379701546
9398962282,SAPM Project Manager,0.1576086957
14230097157,BI,1
14230165827,BI,1
14230075675,DEE,1
,SACO Consultant,0.02635495201
10210065280,Consultancy (data),1
11815706509,Consultancy – Architectural,0.02677232812
13926183181,SACO Consultant,0.4310921
11815706509,Consultancy – Marketing,0.185050332
14230165821,DS,0.37927
12738175264,Marketing Service Expert,1
14229947932,BI,1
,Project Manager,0.001807196709
9549901925,Consultancy – Architectural,0.4478079332
12204958791,Data Engineering,0.4444444444
7740302656,SAPM Project Manager,0.05587668593
14229981754,BI,1
7301644966,Martech Consultancy,1
10210065441,Data Science,0.4232437121
11369222564,Business Intelligence,1
10693984921,Consultancy – Marketing,0.1818181818
13735953804,MTCO Certified Consultant (e.g. Marketo),1
11234304786,Martech Consultancy,0.09400705053
13088002087,MTAR Architect,0.9200111096
10997029176,Consultancy – Marketing,0.39224572
13458564467,Contingency_MTCO Certified Consultant (e.g. Marketo),0.06091370558
14230013451,BI,1
14229457668,BI,1
13458564467,PM_SAPM Project Manager,0.1421319797
14229333041,BI,1
16974074989,DE,1
14230130027,CX,0.2028369381
14230036655,BI,0.500003
12254138381,Product Sales,1
14229947938,ESC,0.230787254
10210065441,Consultancy (data),0.1300954033
11174624646,Consultancy,0.5917159763
7443725976,SEO (Blend),0.3120665742
14230061881,BI,0.26173
12132394053,MTCO Certified Consultant (e.g. Marketo),0.2716297787
12670594210,Designer,0.1111419839
14229952658,DATA,1
14229401608,BI,1
17116822149,MTCO Certified Consultant (e.g. Marketo),0.9903504317
18130463019,DS Delivery,0.1
18129350432,BI,0.4166666667
17811623238,DS Delivery,0.1500021429
17808215903,BI,0.09261431244
17521849905,DE,0.5714285714
17026930707,BTS,0
16867380609,BTS,1
16791043399,BTS,1
17583354413,BI,1
18133653519,BI,0.2910572655
17752027977,DS Data Consulting ,1
13829016071,BTS,1
18126181791,BTS,1
13828676239,BTS,1
16611626864,BTS,1
17521849905,Solutions,0.1428571429
16896089099,SAPM Project Manager,0.1002506266
17314751334,MTFD Marketing Service FD,1
17856073807,DE,0.5
17754446339,DS Delivery,0.2340425532
17982941848,BI,0.1176752164
13828672860,BTS,1
15374683787,Client Management,0.1738768043
17634612061,DS,1
13828991554,BTS,1
13828693598,BTS,1
14857968547,BTS,1
20711186073,BI Consultant,0.8196721311
19753397430,CX,0.7681920915
17547666009,DS,1
17750152847,AI Consulting,1
18425604231,DE,0.85
20531366028,DE,1
19498386267,BTS,1
19753503096,CX,1
20825267006,BI Consultant,0.3128103277
20825266315,BI Consultant,0.3133514986
20410240606,BI,1
20030054821,DE,1
19562985905,DS Delivery,0.1516245487
19542138272,CX,1
13829003154,BTS,1
11816036886,MTCO Certified Consultant (e.g. Marketo),1
18916413333,BI,0.667
18154626140,DS,0.5
18362804846,BI,0.25350875
17431614562,BTS,1
16973089460,DATA,1
17734509139,DE,1
14230122846,DS,1
13829024263,BTS,1
19069572445,BTS,1
17754430234,DS,1
13828779622,BTS,1
13828991552,BTS,1
13828649012,BTS,1
15344394017,BTS,0
17505988749,BTS,1
18556480582,CX,0.3428571429
16592940429,DE,1
18407958131,CX,1
13828728637,BTS,1
13828766022,BTS,1
16791326136,BTS,1
15670143760,BI,1
17959543074,DS,0.8
18526562202,CXSU Subscription / License CX,1
17777698371,CX,1
18702776451,BTS,1
14709855855,BTS,1
19077425035,BTS,1
17856509293,BTS,1
13828744583,BTS,1
18154626140,DE,0.5
17732447259,Solutions,0.1
14814207280,BTS,1
17811721374,BTS,1
14858086418,BTS,1
18006042805,DE,1
13828991548,BTS,1
17579896478,BTS,1
13828724843,BTS,1
18594878229,SAPM Project Manager,0.08240081384
19030489760,CCCD Art director,0.1156069364
13828731423,BTS,1
14560573017,BTS,0
17583696449,DS,1
14857864597,BTS,1
18454884166,DS,1
15683692660,BTS,1
14858009493,BTS,1
17634948492,DE,0.4054057515
13829047387,BTS,1
18435752789,DE,0.7446808511
17732407187,CX,0.1466631496
19370414908,DS,0.1666666667
18454886068,DE,1
20695530013,DS,1
18115830813,BTS,1
13828967597,BTS,1
16853439890,BTS,1
13828967593,BTS,1
13828664837,BTS,1
17734607545,BI,0.72
18403287937,BTS,1
13828738631,BTS,1
17811721791,BTS,1
13829019540,BTS,1
20710534013,Data Scientist ,1
20825267018,Delivery Lead ,0.525
20482639425,SAPM Project Manager,0.09600529684
20401243793,DS Delivery,1
19648250911,BTS,1
18170300056,BI,0.1536129772
20242405226,DE,1
18916413333,DS Data Consulting ,0.111
19686425494,BI,1
20976286493,BTS,1
20909109893,DATA,1
19849857031,BI,1
19883138727,CX,0.7
20222666553,BI,1
20710554745,Data Scientist ,1
20710534680,Data Scientist ,1
20242776747,BI,0.09261431244
20993596168,Senior Data Engineer ,1
19441040945,BI,1
19536112974,DS,1
20652954465,Data Engineer ,0.15
20402739113,CX,1
19510599593,DS,1
18916415777,DS,0.111
19592810060,DATA,1
20710884679,DS,0.5
19929372826,DS,0.333334728
20710534932,Data Scientist ,1
19509219651,DE,0.5
20707061547,Data Engineer ,0.5
20004433472,DE,1
21008810358,DATA,1
21003950386,BI,1
20222878088,DS,0.6597085896
19190471968,CX,1
20176907366,DE,0.8508762649
19753744762,DE,0.568627451
20629194786,Data Engineer ,0.25
17727222289,SAPC Principal Consultant,0.4278145695
20470622598,DE,1
20510370659,DS,0.5897435897
21062732874,Data Engineer ,0.6
19569236781,BI,0.537037037
20960132924,BTS,1
19380522091,DS Delivery,0.192519685
19675439778,DATA,1
17754451309,DS Delivery,1
20174087312,DE,0.2090649245
19326215502,DE,0.1720647773
19648356955,BTS,1
20825267006,Delivery Lead ,0.5232125124
19092850529,BTS,1
19680327842,BTS,1
17732407187,Client Management,0.027131929
19075076427,DE,0.5978829492
19379264945,DE,0.2999914288
19986706975,BI,0.3333333333
21002661787,DATA,1
20680360778,DE,1
19675440394,DATA,1
19886010231,BTS,1
20145698631,BTS,1
15772947813,DS,0.03915084839
20909144178,DATA,1
19676430206,DE,0.4285714286
18923218437,DE,1
19569237540,BTS,1
20773420302,Lead Data Scientist,0.4705882353
20241772133,DS Delivery,0.08181818182
21002167724,Solutions,0.04972745529
13829003158,BTS,1
19870039081,CXSU Subscription / License CX,1
20223669895,BTS,1
20461955106,BTS,1
17727222289,MTSE Marketing Service Expert,0.4662251656
20686804562,DE,1
20515918648,BTS,1
20298599795,Client Management,0.198
19221933628,BTS,1
20380043046,BTS,1
20482639425,CXSU Subscription / License CX,0.4414036637
20221514004,BTS,1
19542141726,DE,1
19441366634,BI,1
20379207056,BI,0.5202913632
19932936813,DE,1
19827526938,DS,1
19326215502,Client Management,0.1113360324
19989811749,DS,0.6352901577
19753502773,CX,1
20516212859,BTS,0
20798850067,BTS,1
19883850373,BTS,1
20825266315,Delivery Lead ,0.5228201635
18327340978,Senior Data Scientist ,0.5102040816
21060694606,DATA,1
13828685623,BTS,1
17772859452,DE,1
19749010780,DS All Star,0.314106225
20169316630,BTS,1
20867246688,DS,1
20862444658,BTS,1
19647858081,DS,0.5175983437
20635016010,DE,1
19569889314,DATA,1
19093193875,BI,1
19370414965,DS,1
19647858081,DE,0.4824016563
19755337082,DS Delivery,0.08181818182
18412699800,DS,1
14785943051,BTS,1
13828977530,BTS,1
17576469167,DE,0.1076217729
17728821080,CX,0.3535353535
18388709524,BI,1
16791252878,BTS,1
13829038235,BTS,1
18916415777,BI,0.667
19069740585,BTS,1
13828952845,BTS,1
16100391042,DS,0.3333333333
15772947813,CX,0.3267502143
15705674801,BTS,1
13828748620,BTS,1
17731619858,DS,0.487804878
15845917831,DEE,0.7965850407
18976374101,DS,1
13828977524,BTS,1
18050633257,MTCO Certified Consultant (e.g. Marketo),0.3454827453
13828779614,BTS,1
17692058278,DE,1
17754475287,DS,1
14858158699,BTS,1
16534047054,CX,1
18129350747,BI,0.667
18508604837,CX,0.1288875775
15751602795,MTSE Marketing Service Expert,0.4069767442
13828779624,BTS,1
17728821080,DS,0.6464646465
13828782893,BTS,1
17974092324,BTS,1
13828693608,BTS,1
18841851442,DS Delivery,0.14
17733933098,DE,0.2205882353
18425978768,BTS,1
17754448155,DE,1
16003597603,MTCO Certified Consultant (e.g. Marketo),1
17753160552,BTS,1
13829006245,BTS,1
13828649029,BTS,1
17620876859,DS,0.8597959184
16977994594,DE,1
17001346943,DE,1
15767035179,BI,1
18382183780,BI,0.3056259503
17751990281,DE,1
13829019550,BTS,1
17734607545,CX,0.28
13828991551,BTS,1
13828649031,BTS,1
13828676247,BTS,1
18849408353,DE,0.5105633803
17754494903,DS Delivery,0.1885227358
18846179382,BI,0.3978572914
15237944930,BTS,1
14857814602,BTS,1
16180530746,MTCO Certified Consultant (e.g. Marketo),0.3552631579
13828719005,BTS,1
14791923048,Contract,1
16533469585,DS,1
15285770529,MTCO Certified Consultant (e.g. Marketo),0.1025641026
14858061241,BTS,1
16974175491,DE,1
16534035505,BI,1
14833262001,DS,0.7596567721
14229937177,DS,0.687399672
15786914879,DATA,1
13829019544,BTS,1
13828779617,BTS,1
8353117321,Data Science,0.5555555556
17171695684,BTS,1
15770274169,CX,1
13829024271,BTS,1
14720309172,MTSE Marketing Service Expert,0.6666666667
15297108280,BI,1
13828676245,BTS,1
17153216109,SAPM Project Manager,0.1562700965
16865882520,BTS,1
15286479110,ESC,0.5275487502
13828977520,BTS,1
13828960610,BTS,1
14377617799,BI,0.55
16003362920,BTS,1
15249417303,DS,0.8347266142
15144848311,DS,0.813559322
13829006250,BTS,1
13965134170,CXSU Subscription / License CX,0.7638326586
15073329674,BI,1
16899606622,DS,0.595890411
13828676253,BTS,1
14300816419,BI,0.5
15108742987,BI,1
9847075873,MTCO Certified Consultant (e.g. Marketo),0.3091013165
16006569832,ESC,0.8125
16884695099,BTS,1
13828994716,BTS,1
14341758873,CX,1
16644625585,DS,0.7261410788
16003597368,SAPM Project Manager,0.1914893617
13828748623,BTS,1
17218401859,BTS,1
15340706956,CX,1
15597946214,DE,1
15877404266,DE,0.5
13829003137,BTS,1
14621922313,DEE,1
16811842920,BTS,1
16413842229,DS,1
17734566951,DS Delivery,0.15
13828977531,BTS,1
13828682128,BTS,1
13828779623,BTS,1
14785089059,BTS,1
17026931098,BTS,0
13828649030,BTS,1
13828981168,BTS,1
18401207360,DE,0.3846153846
18096983634,BTS,1
14857852290,BTS,1
18178530327,DS Delivery,0.2
16246522528,BTS,1
13828689837,BTS,1
17026394743,BTS,0
13828994710,BTS,1
18848918165,CX,1
13828699689,BTS,1
17583517341,BI,1
16856641557,BI,1
16180558493,MTAR Architect,0.1499599038
17734494077,DS Delivery,0.4505494505
18130463019,BI,0.6
13828751423,BTS,1
13829024286,BTS,1
13829036464,BTS,1
16867188867,BTS,1
18603410503,BI,0.5623
15343127342,BTS,0
17756862233,BI,0.4424778761
17810521527,BTS,1
18127904804,DS,0.3069767442
17959727185,Client Management,0.1875
17581476717,DE,1
17734494073,DS Delivery,0.1666666667
13828693599,BTS,1
13828689920,BTS,1
17583152470,BTS,1
14857790248,BTS,1
18291572599,BTS,1
14813607451,BTS,1
18851015823,BTS,1
18127904804,Client Management,0.04651162791
18411854144,CX,1
18827392065,CXSU Subscription / License CX,1
16360814345,BTS,1
18381729881,CX,0.5
11945461140,MTCO Certified Consultant (e.g. Marketo),1
18112768421,DE,1
17583628723,DE,0.5615140187
18678425709,SAPM Project Manager,0.04761904762
18265145869,DS,0.5106661263
13828964374,BTS,1
18575215618,BTS,1
18098619393,DE,0.6666666667
18353947065,DE,0.4089422028
14857857030,BTS,1
13828649021,BTS,1
17733123460,DATA,1
18286253353,DE,1
17436775575,CX,0.09090909091
16477882440,BTS,1
18657995555,DE,0.4423076923
17980380293,BTS,1
13828751419,BTS,1
15523708009,BTS,1
15343127115,BTS,0
19069004120,DS,1
18657995555,Client Management,0.1442307692
18916415777,DS Delivery,0.111
13828728625,BTS,1
17583430918,BI,1
13828981152,BTS,1
18603410503,DE,0.01854333333
17393207553,BTS,1
16896592535,DS,0.3739130435
18229530398,Client Management,0.06879056074
18050633257,SACO Consultant,0.332687088
17730862915,CX,0.7037815126
17171085727,DS,1
18328550237,DS Delivery,0.14625
17811623238,DE,0.3000042858
13828960602,BTS,1
20332734896,BTS,1
,DE,0.02509995429
13828738638,BTS,1
17843489625,Solutions,0.5
17583569682,BI,0.5623
13829047391,BTS,1
18508604837,DS,0.8711124225
14858038086,BTS,1
14859043354,BTS,1
16867380611,BTS,1
17906115357,DATA,1
18228525895,BTS,1
17754488970,BI,1
19562908510,BTS,1
13828676259,BTS,1
17925685378,BTS,1
17754432044,DS,0.6666666667
17752043074,DS,1
14833164408,BTS,1
17171219616,DS,1
14857493566,BTS,1
17852946081,MTCO Certified Consultant (e.g. Marketo),0.8231707317
17754440057,DS Delivery,0.2350993377
14859091734,BTS,1
17733926247,DE,0.1153846154
19024822639,BTS,1
13828728639,BTS,1
13828676250,BTS,1
13828981160,BTS,1
13828685615,BTS,1
15657178379,DS,1
14712235871,Contract to Hire,1
15486745737,ESC,0.6514676093
13828832800,BTS,1
13828952760,BTS,1
15238830635,Direct Placement,1
17214939164,DE,1
16869813174,Solutions,0.1307189542
15412335419,Direct Placement,1
17216144206,DS,1
13828672864,BTS,1
14229975686,ESC,0.6043450047
16790112768,BTS,1
15476858490,DE,1
15409184036,MTSE Marketing Service Expert,0.3644859813
15794172776,SACM Campaign Coordinator,0.1812557398
15794172776,SAPM Project Manager,0.123253903
14920261003,DEE,1
15518637057,CXSU Subscription / License CX,1
16003128479,SAPM Project Manager,0.347826087
15286039087,SAPM Project Manager,0.15
17021869590,DE,0.7
13829038227,BTS,1
17239961348,DE,1
14999340598,DS,0.43458
13829024282,BTS,1
15286039087,MTCO Certified Consultant (e.g. Marketo),0.3333333333
16336551605,DS,0.3069767442
16716229170,DE ,0.7131725927
15003563912,Contract,1
17216472160,DS,0.8221904585
15474646457,ESC,1
15866384038,DS,0.848857645
15549127597,Contract,1
15585856930,BI,0.8076923077
14659411471,Contract to Hire,1
15971085210,DE,1
15361607444,BI,1
14659411825,BTS,1
15491235670,DS,0.5
16619510880,DS,1
16854975500,BI,0.5
13828738641,BTS,1
15468913717,BI,1
15493664395,ESC,1
13737361706,MTCO Certified Consultant (e.g. Marketo),1
17105261395,BTS,0
16456053520,BTS,1
14788370308,DEE,1
15799353684,DS,1
13458564467,Preference Centre ML_MTCO Certified Consultant (e.g. Marketo),0.2030456853
11964755831,Business Intelligence,0.3749993871
11634000056,Consultancy – Marketing,0.2025316456
14230143765,DATA,1
10683123799,Marketing Services,1
11025587222,Data Science,1
12787780421,MTAL Technical consultant Allstar,0.5555555556
14230070862,DS,0.7395291023
14229952651,BI,0.25
10838226505,Consultancy – Marketing,0.3626083829
14230030123,BI,1
10996806555,SACO Consultant,0.2358490566
10100440066,Business Intelligence,0.4
9284036775,Consultancy (data),0.333335
9801084281,MTSE Marketing Service Expert,1
12703469447,Data Engineering,1
11440230710,Marketing Service Expert,0.7941176471
8923366259,Data Science,1
8195407907,Data Science,1
14229324946,ESC,0.7903563941
14126511130,Contract,1
10640355436,Consultancy (data),0.1150814503
9482726050,Consultancy – Business,1
14377237400,BI,1
9892182892,Consultancy – Architectural,0.5
8897859619,Project Manager,0.002529260933
15412186441,BTS,1
16508292867,DS,1
13828724866,BTS,1
17001022736,DE,1
16800737663,SAPM Project Manager,0.2121212121
14781810780,BTS,1
15285770529,MTSE Marketing Service Expert,0.4807692308
13828693590,BTS,1
16279275666,DATA,1
16592648012,ESC,0.08861439313
14230104213,BI,0.5108695652
15286356917,DEE,0.3618994621
15772094358,DS,0.5
17304461717,BTS,1
13055921688,Technical Salesforce Consultant,1
16270415289,DATA,1
15517916068,MTCO Certified Consultant (e.g. Marketo),0.253298153
17451463557,CX,0.4
13505877851,SAPM Project Manager,0.0722528851
13410093568,CXSU Subscription / License CX,0.7826086957
14229324946,DEE,0.2096436059
14230055456,DS,1
13458564467,Eloqua Audit_MTAR Architect,0.1269035533
9399216566,Business Intelligence,0.1666666667
14229985807,DATA,0.610288
9252558851,Data Science,1
14857822356,BTS,1
14377617799,DS,0.3166666667
15582551047,DS,0.6290449882
15893507619,Futureproof,0.898
13829010290,BTS,1
13828981148,BTS,1
13828699682,BTS,1
16791273572,BTS,1
16977995014,BI,0.09261431244
15975489569,Montevideo Labs,0.14
14229907640,BI,0.1597222222
16359766105,DE,1
13828731416,BTS,1
16059429460,BI,0.25
16896090545,SAPM Project Manager,0.1612903226
11765406025,SACO Consultant,0.3630363036
16003597368,CXSU Subscription / License CX,0.04255319149
14381170580,DATA,0.3333333333
16691070008,BTS,1
14613814785,MTCO Certified Consultant (e.g. Marketo),0.2589285714
14621985111,ESC,1
16716229170,BI,0.2868274073
16057974366,DS,0.25
17270502830,BI,0.3056259503
14833164427,DEE,1
16360815131,Contract to Hire,1
15538777230,SAPM Project Manager,0.1361702128
17102563203,BTS,1
17026394656,BTS,0
,DS,0.02731828825
15310283836,MTCO Certified Consultant (e.g. Marketo),0.8128342246
13828744581,BTS,1
16532313683,DEE,0.577254902
16336551605,CX,0.2
16975702705,DS,0.5945848114
15374683787,CX,0.3770169635
14857782416,BTS,1
15285770529,MTSE Marketing Service Expert,0.1025641026
16576695935,DS,1
15895151111,SACO Consultant,1
16867188868,BTS,1
15796808592,Contract to Hire,1
14721592837,DATA,0.6363636364
15758727606,BI,1
17116728632,BI,1
15651819703,BTS,1
15867517995,BTS,1
13828967608,BTS,1
14857822354,BTS,1
15331841841,BI,0.08333333333
14724609537,DS,0.5481481481
15797833108,DE,0.33333
17449503097,DE,1
15111570535,DS,1
14632660751,DEE,1
13828766025,BTS,1
16039054225,DE,1
13828981167,BTS,1
14814205502,BTS,1
16457650975,DS,1
16359507535,DEE,0.3220338983
16895884812,SAPC Principal Consultant,1
14229907640,CX,0.09331666667
14316273324,DEE,1
12132441417,SAPC Principal Consultant,0.374749499
13828757618,BTS,1
13828744599,BTS,1
16856642182,DE,1
10639725895,Consultancy (data),1
16974340463,DS,0.8860198722
17000760483,DE,1
14656815139,BTS,1
16977995014,DE,0.9073856876
15951609682,SAPM Project Manager,0.2121212121
16371465474,DEE,0.1666666667
13828748626,BTS,1
15249417303,DATA,0.1652733858
15845387177,DS,1
15975489569,ESC,0.2363636364
15577784150,CXSU Subscription / License CX,1
13828738626,BTS,1
14814206012,BTS,1
13828689827,BTS,1
13829006233,BTS,1
14229444098,CX,0.2
15971432571,BTS,1
14546090005,BTS,0
13829036462,BTS,1
15222985323,Contract to Hire,1
11886274580,MTSE Marketing Service Expert,0.8606557377
15313455531,DEE,1
13828719004,BTS,1
14229516193,Montevideo Labs,0.007822222222
14229952663,DEE,0.2625406193
13828991553,BTS,1
13828699684,BTS,1
9152245371,Data Science,1
,SAPC Principal Consultant,0.004879431115
15494860916,DEE,1
15258265097,DEE,1
14378586798,BI,1
14659161781,BTS,1
16869813174,DS,0.3790849673
14791929631,Contract,1
13828761242,BTS,1
16823762353,DS,0.844229166
11932867168,Business Intelligence,0.2857142857
14230130015,BI,0.4635761589
14229975686,DS,0.3956549953
11234304786,Consultancy,0.285546416
14230025382,DS,0.800925
7443725976,SEO (Blend),0.3120665742
14406291753,DEE,1
12528664134,Data Science,0.5
10639776092,Data Engineering,1
11932610646,Consultancy (data),0.09090909091
,SACO Consultant,0.02635495201
14230137622,DS,1
12204958494,Data Engineering,0.375
11326146199,Marketing Services,0.1694915254
8353117321,Consultancy (data),0.1111111111
14229969437,DEE,1
10421833478,SACO Consultant,0.2036199095
14230130024,BI,0.1238241717
12528664134,Consultancy (data),0.5
14230030128,DS,1
11634000056,Martech Consultancy,0.4050632911
14229516193,BI,0.01203508772
14230061885,DEE,0.5327583333
12513057715,Data Science,0.3333333333
14229985807,DEE,0.376336
12669745968,SEO,1
13084378166,CXSU Subscription / License CX,0.6923076923
12132394053,SAPM Project Manager,0.1006036217
,Architect,0.005521989944
10997029176,Martech Consultancy,0.1397280967
9800743744,Data Science,1
11190457442,Consultancy (data),0.15625
12773355531,MTQA Marketing Service QA,0.04780686028
12153867593,MTSE Marketing Service Expert,0.8205128205
11932610118,Consultancy (data),0.1666666667
11932610646,Data Engineering,0.3636363636
14229969428,BI,0.29608
11190457442,Data Science,0.625
8866373766,Data Science,1
14229401615,BI,0.1758009576
10640258331,Data Engineering,1
14230165817,ESC,0.1336633663
7751634815,Data Science,1
14464920173,DEE,1
9006035613,Consultancy – Marketing,0.5
10561512286,Consultancy – Marketing,0.1230177799
14229969425,BI,0.09500150837
11175308102,Marketing Services,0.619047619
10640258327,Data Engineering,1
11174738981,Martech Consultancy,1
14230200500,BI,1
11270313287,Data Engineering,0.25
11223494163,Data Engineering,1
14857830073,BTS,1
14229516199,BI,1
14229355389,DS,1
10997029037,Martech Consultancy,1
13968203372,CCST Strategist,0.8389261745
11635067059,Data Science,0.5714286455
11932610646,Business Intelligence,0.5454545455
12649095808,"Certified Consultant (e.g., Marketo)",0.8
14229444104,DEE,0.3668278865
14229318251,DS,0.4670517052
11576048955,Data Science,1
10561512286,Martech Consultancy,0.352394682
8625358741,Consultancy,0.25
13900683789,MTSE Marketing Service Expert,0.1833333333
12558567821,License HubSpot,1
14229333029,ESC,1
14230109762,DEE,0.2374522288
14229419129,DS,0.1935483871
14229419131,DS,1
11765394199,MTCO Certified Consultant (e.g. Marketo),0.04360465116
14229985807,ESC,0.013376
12364853900,MTCO Certified Consultant (e.g. Marketo),0.2960526316
9892182892,Consultancy – Marketing,0.5
12776001041,SAPM Project Manager,0.1434262948
10843747252,MTCO Certified Consultant (e.g. Marketo),1
14229985802,DEE,0.8136861187
,Marketing Services,0.0005019990859
10996446086,Martech Consultancy,1
14230075682,DEE,1
14229318256,ESC,1
9176930201,Data Science,1
13778178999,CXSU Subscription / License CX,1
12386415226,SAPM Project Manager,0.1726618705
10615444001,Data Engineering,0.4726832627
13926183181,MTAL Technical consultant Allstar,0.435235931
12386415226,CCDE Designer,0.8273381295
10996855220,Project Manager,0.3641601418
11395735571,Consultancy,1
7752020013,Data Science,1
10838226505,Consultancy – Business,0.1179526112
10639634997,Data Engineering,0.5581395349
14230137618,DATA,1
14229394308,DEE,0.3333333333
14229355384,DS,0.03762376238
14230061894,DS,1
11270882113,Consultancy (data),0.1612903226
11440230710,Consultancy – Marketing,0.1225490196
11270313287,Consultancy,0.08
14229324950,BI,1
12576600599,CXSU Subscription / License CX,1
14230070864,DEE,0.209933306
14229401615,ESC,0.3907508109
11407302202,Data Science,0.5
14230109743,BI,1
14230004582,DEE,0.6708333333
12433663051,SAPM Project Manager,0.1477395048
14230004589,DEE,1
13674597495,MTSE Marketing Service Expert,1
14229947931,DATA,0.3384912959
10640247311,Data Engineering,0.3178303975
14230055452,DS,0.07
11174625101,Consultancy,0.5917159763
14229947933,DS,1
14229333042,DEE,0.436508617
14230200493,DS,0.125
9140366237,Marketing Services,1
14229969425,DEE,0.01750086592
14230050073,DEE,1
,CCCS Content Specialist,0.0007529986288
12102426153,License,1
7772707203,SAPM Project Manager,0.1463414634
14230143772,DATA,1
7443725976,Consultancy – Marketing (EF),0.00693481276
,Data Science,0.02409595612
12513057715,Data Engineering,0.3333333333
11221371220,Data Engineering,1
,Marketing Services,6.274988573e-05
10966881431,Consultancy,0.8300132802
14229333037,DEE,0.1233764151
13458564467,BrightTalk Integration_MTCO Certified Consultant (e.g. Marketo),0.06091370558
14229901206,DEE,1
14230044343,DATA,1
14229901195,DS,1
14229969433,DEE,0.5686251697
14229911914,DS,0.3700064103
13146494271,CXSU Subscription / License CX,1
14229981748,BI,1
14229947936,DS,1
12132394053,SAPC Principal Consultant,0.6277665996
14229394302,DS,1
14229952651,DS,0.75
14229937182,DS,1
12561291896,Technical Consultant - Eloqua,0.2804154303
9549901925,Consultancy – Marketing,0.1409185804
14441015040,BI,1
11886274580,SAPM Project Manager,0.1393442623
10640234341,Consultancy (data),0.2000000807
10639658096,Data Engineering,1
14230097165,DEE,1
11733383440,Data Science,1
13458564467,Integration workshops_MTAR Architect,0.05076142132
14230050086,DEE,0.2404343619
14230061881,DEE,0.359
12773355531,MTFD Marketing Service FD,0.4780686028
,Consultancy – Business,0.0004417591956
,Consultancy – Architectural,0.006274988573
14310703289,DEE,1
14229318246,DEE,1
14229419128,DATA,1
12153867593,SAPM Project Manager,0.1282051282
10639789159,Data Engineering,1
11043361544,Consultancy (data),1
14230075674,DATA,0.006562446909
14230157428,ESC,0.2519379845
11816399630,Data Engineering,0.8695652174
14229350045,DS,1
11579853111,Data Engineering,1
12433663051,MTCO Certified Consultant (e.g. Marketo),0.5158772874
10996855220,"Certified Consultant (e.g., Marketo)",0.006500221598
10578429774,Data Science,0.4684252598
14229318249,DEE,0.1167480684
11326146199,License,0.8305084746
14229981756,BI,0.5829574446
14229394308,DS,0.6666666667
12738516136,Consultant,1
12204958791,Consultancy (data),0.1111111111
10640271162,Data Engineering,0.3330550918
14230050071,DS,1
11234712117,Consultancy – Architectural,0.2455795678
14230097156,BI,0.2438271605
10561550904,Data Science,1
14229324952,BI,0.8602308577
9362118294,Martech Consultancy,1
10562131261,License,1
11267372312,Marketing Services,1
14545548173,DEE,1
14229947938,DS,0.6731490159
13084378166,SAPM Project Manager,0.1394230769
,Martech Consultancy,0.004078742573
13084378166,SAPC Principal Consultant,0.1682692308
12136382358,Data Engineering,1
13458564467,SFDC Integration SB_MTCO Certified Consultant (e.g. Marketo),0.1624365482
14229969422,DS,1
14230061880,BI,0.1405396362
13906886521,SACO Consultant,1
16476310821,BTS,1
,Marketing Services,0.007529986288
14710050719,Direct Placement,1
9120120643,Marketing Services,1
13965134170,MTSE Marketing Service Expert,0.2361673414
12353862435,Extend of Max,1
10996806555,MTAR Architect,0.2358490566
10683042093,MTCO Certified Consultant (e.g. Marketo),0.25
11635185949,Consultancy (data),0.1999998185
8625358741,Content Marketing,0.25
12670594210,Marketing Service FD,0.4376215615
14230109749,DS,1
14229394296,BI,1
13828757614,BTS,1
16277915311,CX,0.2051134021
17026395722,BTS,0
17731527745,DS,0.1199944396
17790046767,BTS,1
18407389498,BI,0.6666666667
15939497634,BTS,1
17580212006,BTS,1
18130463019,DE,0.3
18921330014,DS,0.3388741972
13828719022,BTS,1
17677233453,CX,0.1288875775
14857948210,BTS,1
13828779633,BTS,1
17583711252,DS,0.7353227805
17583740188,DE,1
18382183780,DS,0.602128738
13828967595,BTS,1
18097341562,CX,1
17777429010,BTS,1
19041924117,DE,1
17583536932,CX,0.2166934189
17733926247,BI,0.1769230769
13829026976,BTS,1
18129350747,DS Delivery,0.111
15171832611,BTS,1
17583793832,DS,1
18866207026,MTSE Marketing Service Expert,1
20356804164,BTS,1
17925928557,BTS,1
20510370659,DE,0.1153846154
19992609676,BTS,1
20169316357,DS,1
20221856084,BTS,1
17732407187,Futureproof,0.8262049214
19536364813,DS,0.3333333333
20223674749,Client Management,0.1655639339
19384632880,DE,1
19075076427,CX,0.4021170508
20173043301,BTS,1
13828952844,BTS,1
20797157952,BTS,1
14824792761,BTS,1
15540921614,BTS,1
20925709495,BI,1
20773419888,BI Consultant,1
20707061547,BI,0.5
16884765109,BTS,1
13828719026,BTS,1
16195393954,SAPC Principal Consultant,1
13828744589,BTS,1
17810520596,BTS,1
18841851442,DE,0.86
18522574993,CXSU Subscription / License CX,1
15756949927,CX,1
17776606488,DE,0
14857999384,BTS,1
17732409988,BTS,1
18175846934,DE,1
14827889967,BTS,1
17855691300,DE,1
18050633257,MTCO Certified Consultant (e.g. Marketo),0.3218301667
15272751686,BTS,1
13828832813,BTS,1
14858019104,BTS,1
16455877711,BTS,1
17731527745,DE,0.8800055604
18207929140,BTS,1
13828967680,BTS,1
18241815614,DE,1
17891562318,Solutions,0.0625
13828952754,BTS,1
13828964387,BTS,1
18845868143,DS,1
14816512827,BTS,1
18381729881,DS,0.5
17581506683,DE,1
18150084937,CXSU Subscription / License CX,0.8181818182
17790490883,DS Delivery,0.1666666667
14857493567,BTS,1
17810368661,BTS,1
13828761255,BTS,1
18678424939,MTSE Marketing Service Expert,0.9523809524
13829019556,BTS,1
14229985806,DS,1
13828672849,BTS,1
17633727816,BI,0.678125
13829026992,BTS,1
13828981142,BTS,1
14857857031,BTS,1
14857772404,BTS,1
18598159676,BTS,1
13829024288,BTS,1
20516312580,Data Engineer ,1
18358850723,DS,1
13828782892,BTS,1
20221856943,BTS,1
18054497200,BTS,1
13829019546,BTS,1
14858051638,BTS,1
17520936872,Futureproof,0.7142857143
18594878229,MTSE Marketing Service Expert,0.9175991862
17810425902,DS,1
17926149402,DS Delivery,0.1015306122
17730862915,DS,0.1134453782
16867333541,BTS,1
20328751726,BTS,1
18916413333,DS,0.111
19986706975,DS,0.3333333333
20818953382,Senior Data Engineer ,1
20717300091,BI,1
20656895029,Delivery Lead ,1
19562985622,DS Delivery,0.15
19412989452,BI,1
19759853948,DATA,1
20825266315,Data Engineer ,0.1638283379
20058081135,DE,1
20241772133,BI,0.2272727273
21000180538,BI,1
21008848176,DATA,1
17806332252,DE,1
19759242365,Client Management,0.198
19645125528,DE,0.5
19763789986,BTS,1
20191315320,DE,1
20482639425,MTAR Architect,0.153608475
19753397430,DE,0.2318079085
19753745216,DS,0.431372549
20822641510,BI,0.5
19191131792,DATA,1
17810340783,DE,0.4
19831442461,BTS,1
19648356380,BTS,1
20139023633,BTS,1
20921778195,DS,0.5
19570188856,DATA,1
19929372826,DE,0.333334728
20482639425,MTCO Certified Consultant (e.g. Marketo),0.2207018318
19886010194,DS,1
20383235084,DE,0.5
20629194786,Senior Data Scientist ,0.25
20169343565,DE,1
19367906412,BI,1
19370414908,BI,0.4166666667
15756949771,DS,1
20402211340,DS Delivery,1
17521849905,DS,0.2857142857
20974328447,BTS,1
19159531854,BI,1
19753744762,DS,0.431372549
19542144909,Client Management,1
20660299190,Client Management,0.08620689655
21048094809,BTS,1
17583628723,Client Management,0.1861495327
20825267018,BI Consultant,0.3103448276
17214938383,CX,0.3292506256
19901929100,DE,1
16173718152,CXSU Subscription / License CX,0.1794871795
20242324059,DE,1
20169212013,DS,1
19421126222,CX,1
20221857695,CX,0.3333333333
19356792617,BTS,1
19122898756,BTS,1
20341682723,DS,0.5
20224203374,DE,0.3461538462
19702449523,BTS,0
18129350747,DS,0.111
20825267018,Data Engineer ,0.1646551724
19755337082,DE,0.6909090909
18901267286,DS Delivery,0.0652173913
19379264945,DS,0.5500128568
21093407025,Data Scientist ,1
17733933098,DS Delivery,0.2205882353
20379207056,Client Management,0.2195629553
20078363913,DE,1
19564265000,DS,1
19158519592,BTS,1
21063477417,Lead Data Scientist,0.5294117647
20199728233,DATA,1
19370414908,DE,0.4166666667
16173718152,MTSE Marketing Service Expert,0.8205128205
19992609354,BTS,1
20169342871,DE,1
19187255447,BTS,1
19536364813,DE,0.3333333333
19572025691,DE,0.4544987675
17754464845,BI,0.5
19539810163,CX,1
19882700468,DE,1
17810340783,DS Delivery,0.1445205479
20510066602,DS,1
19819551254,DS Data Consulting ,0.1722222222
20510370659,DS Delivery,0.1179487179
19753653324,DE,0.568627451
20079015968,DS,0.5799612164
19223045020,DE,1
19584503853,DE,1
13828832803,BTS,1
19587337984,BTS,1
20248914702,BTS,1
20707737608,DS,1
20516576938,BTS,1
20657140644,Delivery Lead ,1
19763827879,CX,0
20184982106,DS,1
19992410435,BTS,1
17754480434,Data Scientist ,1
20660299190,BI,0.5517241379
18168692541,DE,0.5
19380522091,DE,0.4
17772846592,DE,1
13828757612,BTS,1
14857799780,BTS,1
16776197750,BTS,1
17733883009,BI,1
18406180465,DE,1
17855410193,DE,0.7948865979
13828972368,BTS,1
13829003146,BTS,1
18091139159,BTS,1
16773595711,BTS,1
17752041894,DE,0.4166666667
17733926247,DS,0.5897435897
14857871796,BTS,1
17754434611,BI,1
16791708559,BTS,1
16973568605,DE,1
17891562318,DE,0.9375
17806331981,DE,1
18821214569,BI,0.6620647394
18895452304,DS,0.3739130435
13828689833,BTS,1
17843489625,DE,0.5
18382220718,BTS,1
13828972369,BTS,1
17633632436,DS,0.9947147553
15866383135,DS,0.828990228
13828984641,BTS,1
18659335221,DE,1
13828738645,BTS,1
17158965672,BTS,1
18362804846,DS,0.43458
18291241581,BTS,1
18133653519,DE,0.5239030779
19004246663,BTS,1
13828649024,BTS,1
18680756806,CX,0.1738672287
17754446339,DE,0.4042553191
13829003143,BTS,1
17752018051,DS,1
13828719015,BTS,1
18359600903,DS,1
15327076897,BTS,1
13829010283,BTS,1
16575645970,MTCO Certified Consultant (e.g. Marketo),0.5762429277
18134358570,BTS,1
17633727816,DE,0.321875
18895748643,BTS,1
13828999327,BTS,1
13828967686,BTS,1
13828644502,BTS,1
17576467343,DS,0.7223708015
18923682902,DE,1
16975734341,DS,0.4230670169
13828731418,BTS,1
15286039087,MTCO Certified Consultant (e.g. Marketo),0.2666666667
13828709230,BTS,1
15845767704,DS,1
15331841841,ESC,0.08333333333
16484358543,MTCO Certified Consultant (e.g. Marketo),0.8816326531
16896089099,MTCO Certified Consultant (e.g. Marketo),0.7851772288
14709939603,Contract,1
13828960599,BTS,1
15373629457,SAPM Project Manager,0.2577319588
15792004432,SACO Consultant,1
13828991558,BTS,1
16532313683,ESC,0.2345098039
14791922085,Contract to Hire,1
9129598587,Consultancy – Marketing,1
13828672863,BTS,1
13828960789,BTS,1
15314268994,ESC,0.8084
14857995439,BTS,1
16072728969,MTCO Certified Consultant (e.g. Marketo),0
15287261984,DEE,1
14814205041,BTS,1
15785371536,DS,0.8
15286479110,DEE,0.4724512498
16533469717,DEE,1
13828782903,BTS,1
17451468326,DE,1
16974076254,DE,1
15690705458,DEE,1
17116252299,BI,0.5
16304720152,ESC,1
15893507619,ESC,0.05275862069
15939205141,MTAR Architect,0.5148270181
14814204016,BTS,1
15105061512,DS,1
13978948456,MTSE Marketing Service Expert,1
17445793939,DE,0.6
16791488891,BTS,1
13828832807,BTS,1
13828649013,BTS,1
13828748612,BTS,1
15782320501,DS,0.8
18126182259,BTS,1
17270502830,DS,0.602128738
14229401617,DEE,0.8913043478
16865883964,DE,0.4054151886
16360624982,BI,1
16767406710,SACO Consultant,0.3281796966
17271324518,BI,0.7275449102
16975734341,DE,0.5769329831
14721592837,DS,0.3636363636
13995838308,MTSE Marketing Service Expert,0.2631578947
19024979339,BTS,1
17843489639,DE,1
14545854040,CX,0.5
13828699675,BTS,1
18923535683,DE,1
13828757627,BTS,1
13828991550,BTS,1
17757257376,BTS,1
18422808593,DE,1
13828693609,BTS,1
17691800951,BTS,1
17918366741,DS Delivery,0.2906976744
17733926247,DS Delivery,0.1179487179
13828981163,BTS,1
18404011671,BTS,1
17633632436,DATA,0.005285244654
17223427209,CX,1
16476311357,BTS,1
18870362460,DE,1
13828964367,BTS,1
18407390039,DE,0.5
17583730537,DE,1
18222859131,DATA,1
18096847785,DE,1
18017353235,BTS,1
13828761250,BTS,1
18018469481,DATA,1
18874986036,MTCO Certified Consultant (e.g. Marketo),0.375
13829038232,BTS,1
14833165956,BTS,1
16173717633,MTCO Certified Consultant (e.g. Marketo),0.1186906547
18167992745,DE,1
14782546466,BTS,1
13828693611,BTS,1
18149353480,Client Management,1
16610085469,BTS,1
13829006240,BTS,1
18842840167,BTS,1
18702142502,CXSU Subscription / License CX,1
17734566951,BI,0.55
15443466037,BTS,1
16791273573,BTS,1
18606168496,DE,0.2
17223529729,SAPC Principal Consultant,0.3494256707
19024979722,BTS,1
18096984353,BTS,1
18093458310,BTS,1
18921330014,DE,0.6611258028
17583746589,DS,0.6352901577
13829024261,BTS,1
17856098175,DS,1
17752025993,DS Delivery,0.1111111111
17852576279,MTAR Architect,1
17395862059,BTS,1
13828832814,BTS,1
17925748625,BTS,1
17752025993,DE,0.2222222222
13828685617,BTS,1
17751996483,BI,0.4166666667
17583662510,DE,1
18680756806,DE,0.8261327713
17581347241,DE,0.8926829268
17772967350,DE,1
13829006230,BTS,1
18005492399,DE,1
13828779618,BTS,1
16821635440,BTS,1
13828682129,BTS,1
17157016989,CX,1
17731701323,DS,0.5
17789330180,BTS,1
17754443820,DE,1
15535866494,SAPM Project Manager,0.9523809524
17768784455,MTCO Certified Consultant (e.g. Marketo),1
16821531481,BTS,1
13828832817,BTS,1
13828709217,BTS,1
18874986036,MTCO Certified Consultant (e.g. Marketo),0.625
13828782877,BTS,1
14545854040,DE,0.5
19759242365,BI,0.802
13829006227,BTS,1
13828728631,BTS,1
17754428213,DS Delivery,1
18602696038,CX,1
13828693605,BTS,1
13828682150,BTS,1
14857887127,BTS,1
13828964382,BTS,1
18361477502,BI,0.5
17583816585,BI,1
17583536932,BI,0.7833065811
20379207056,DE,0.2601456816
13828994708,BTS,1
14859042724,BTS,1
13828644504,BTS,1
17269942797,BTS,1
17855465231,DATA,1
17583436876,BI,0.2868274073
18435752722,DS,0.8260869565
18705822505,BTS,1
14931891551,CXSU Subscription / License CX,0.6232394366
16714781312,BTS,1
18129350432,DS Delivery,0.1666666667
18821214569,DE,0.3379352606
17156267815,BTS,1
14613814785,MTCO Certified Consultant (e.g. Marketo),0.2589285714
16455065772,DEE,1
16438182767,BI,1
17435722508,BTS,1
14230018931,BI,1
14230061889,BI,1
17301984096,DE,1
13828693613,BTS,1
15286356917,ESC,0.1687998516
13828757617,BTS,1
15170221873,Contract to Hire,1
16532313683,Montevideo Labs,0.1882352941
15845584690,ESC,1
16895425465,DS,1
15476858550,DEE,1
15866384038,CX,0.151142355
15103879576,BI,1
14720309172,MTSE Marketing Service Expert,0.3333333333
15847956534,DATA,1
17810521923,BTS,1
20323714390,BTS,1
10565002393,Martech Consultancy,0.9183673469
20823502900,BTS,1
14229419138,ESC,1
11782074181,Data Engineering,0.6965699208
10600450152,Consultancy – Marketing,1
13687903022,CXSU Subscription / License CX,1
9549901925,Consultancy – Marketing,0.133611691
14230070860,DEE,1
14230055459,DS,0.8058629392
11845448810,Consultancy – Marketing,1
7654369968,Data Science,1
20858005930,DS,1
14230075674,DS,0.9934375531
14229333040,DS,0.7644776947
14229516195,DEE,0.8926829268
11781867097,Data Science,1
12560637502,Consultant,1
12433663051,MTAR Architect,0.3363832078
10640222878,Data Engineering,0.320754717
14230150781,ESC,0.5628712169
15973246478,DS,1
15373629457,MTSE Marketing Service Expert,0.7422680412
19569235802,DE,0.4375
17731185528,Futureproof,1
17858935945,DATA,1
14857782417,BTS,1
18050496805,CX,1
14858051636,BTS,1
17021869590,CX,0.3
15975489569,DS,0.3272727273
17296920926,DE,0.5
13828744579,BTS,1
19907798051,Solutions,0.1086956522
18655694487,DS,1
19581383021,DS,1
19270276885,BTS,1
19414438253,BTS,1
19153848364,BI,1
19371546524,DE,0.125
20192257423,BTS,1
20937354421,DS,1
19415345198,DS,1
19763828287,DATA,1
19542139948,CX,1
17750152356,AI Consulting,1
18653885706,DE,1
16180558493,SAPM Project Manager,0.1355252606
18704584865,DE,1
16791135520,BTS,1
13828984647,BTS,1
17731701323,DE,0.5
17926149402,DS,0.2604081633
13828689838,BTS,1
17855410193,CX,0.2051134021
13828984637,BTS,1
14857954143,BTS,1
15704543049,BTS,1
14857822353,BTS,1
18129350432,DE,0.4166666667
17102575466,BTS,1
13828664849,BTS,1
13829047403,BTS,1
17583666446,DE,1
13829019554,BTS,1
16823684397,CX,0.3385052216
